-- phpMyAdmin SQL Dump
-- version 4.9.0.1
-- https://www.phpmyadmin.net/
--
-- Servidor: sql111.byetcluster.com
-- Tiempo de generación: 03-05-2026 a las 20:06:04
-- Versión del servidor: 11.4.10-MariaDB
-- Versión de PHP: 7.2.22

SET SQL_MODE = "NO_AUTO_VALUE_ON_ZERO";
SET AUTOCOMMIT = 0;
START TRANSACTION;
SET time_zone = "+00:00";


/*!40101 SET @OLD_CHARACTER_SET_CLIENT=@@CHARACTER_SET_CLIENT */;
/*!40101 SET @OLD_CHARACTER_SET_RESULTS=@@CHARACTER_SET_RESULTS */;
/*!40101 SET @OLD_COLLATION_CONNECTION=@@COLLATION_CONNECTION */;
/*!40101 SET NAMES utf8mb4 */;

--
-- Base de datos: `if0_40034937_habits_app`
--

-- --------------------------------------------------------

--
-- Estructura de tabla para la tabla `habits`
--

CREATE TABLE `habits` (
  `id` int(10) UNSIGNED NOT NULL,
  `user_id` bigint(20) UNSIGNED NOT NULL,
  `name` varchar(120) NOT NULL,
  `description` text DEFAULT NULL,
  `emoji` varchar(16) DEFAULT NULL,
  `color` varchar(20) DEFAULT NULL,
  `sort_index` int(11) NOT NULL DEFAULT 0,
  `target_per_day` int(11) NOT NULL DEFAULT 1,
  `is_active` tinyint(1) NOT NULL DEFAULT 1,
  `start_date` date DEFAULT NULL,
  `end_date` date DEFAULT NULL,
  `created_at` timestamp NOT NULL DEFAULT current_timestamp(),
  `updated_at` timestamp NOT NULL DEFAULT current_timestamp() ON UPDATE current_timestamp()
) ENGINE=InnoDB DEFAULT CHARSET=utf8mb4 COLLATE=utf8mb4_general_ci;

--
-- Volcado de datos para la tabla `habits`
--

INSERT INTO `habits` (`id`, `user_id`, `name`, `description`, `emoji`, `color`, `sort_index`, `target_per_day`, `is_active`, `start_date`, `end_date`, `created_at`, `updated_at`) VALUES
(14, 6, 'Inglés 📚', NULL, '', '#b7b2e7', 0, 1, 1, '2025-09-25', NULL, '2025-09-26 01:44:47', '2025-10-27 12:05:40'),
(15, 6, 'Ejercicio🏃🏽', NULL, '', '#b7b2e7', 3, 1, 1, '2025-09-25', NULL, '2025-09-26 01:55:06', '2026-01-02 20:32:10'),
(16, 6, 'Leer', NULL, '', '#b7b2e7', 4, 1, 1, '2025-09-25', NULL, '2025-09-26 01:55:33', '2025-11-07 05:37:21'),
(20, 6, 'Cepillarse 🦷', NULL, '', '#b7b2e7', 1, 1, 1, '2025-09-27', NULL, '2025-09-27 12:33:48', '2025-10-27 12:05:40'),
(27, 8, 'Meditar', NULL, '', '#b7b2e7', 1, 1, 1, '2025-09-27', NULL, '2025-09-27 23:30:15', '2025-09-27 23:32:34'),
(28, 8, 'Entrenar', NULL, '', '#b7b2e7', 2, 1, 1, '2025-09-27', NULL, '2025-09-27 23:31:06', '2025-09-27 23:32:34'),
(29, 8, 'Leer', NULL, '', '#b7b2e7', 3, 1, 1, '2025-09-27', NULL, '2025-09-27 23:31:21', '2025-09-27 23:32:34'),
(30, 8, 'Tender la cama', NULL, '', '#b7b2e7', 0, 1, 1, '2025-09-27', NULL, '2025-09-27 23:31:41', '2025-09-27 23:32:34'),
(31, 8, 'Orar', NULL, '', '#b7b2e7', 4, 1, 1, '2025-09-27', NULL, '2025-09-27 23:37:49', '2025-09-27 23:37:49'),
(32, 9, 'Ejercicio🏃🏻‍♀️', NULL, '', '#b7b2e7', 0, 1, 1, '2025-09-27', NULL, '2025-09-28 01:53:09', '2025-09-28 19:30:13'),
(33, 9, 'Leer📖', NULL, '', '#b7b2e7', 1, 1, 1, '2025-09-27', NULL, '2025-09-28 01:53:25', '2025-09-28 19:30:31'),
(34, 8, 'Llamar a mi novia', NULL, '', '#b7b2e7', 5, 1, 1, '2025-09-27', NULL, '2025-09-28 03:01:40', '2025-09-28 03:01:40'),
(35, 6, 'Pills', NULL, '', '#b7b2e7', 2, 1, 1, '2025-09-28', NULL, '2025-09-28 15:05:51', '2025-09-29 12:33:53'),
(36, 9, 'English📚', NULL, '', '#b7b2e7', 2, 1, 1, '2025-09-28', NULL, '2025-09-28 19:29:23', '2025-09-28 19:30:53'),
(37, 10, 'Ingles', NULL, '', '#b7b2e7', 0, 1, 1, '2025-10-02', NULL, '2025-10-02 14:27:13', '2025-10-02 14:27:13'),
(38, 10, 'Leer', NULL, '', '#b7b2e7', 1, 1, 1, '2025-10-02', NULL, '2025-10-02 14:27:26', '2025-10-02 14:27:26'),
(39, 10, 'Correr', NULL, '', '#b7b2e7', 2, 1, 1, '2025-10-02', NULL, '2025-10-02 14:27:37', '2025-10-02 14:27:37'),
(40, 10, 'Estudiar', NULL, '', '#b7b2e7', 3, 1, 1, '2025-10-02', NULL, '2025-10-02 14:27:58', '2025-10-02 14:27:58'),
(41, 21, 'Ejericio', NULL, '', '#b7b2e7', 1, 1, 1, '2025-10-11', NULL, '2025-10-12 01:09:12', '2025-10-12 01:10:22'),
(42, 21, 'Musica', NULL, '', '#b7b2e7', 0, 1, 1, '2025-10-11', NULL, '2025-10-12 01:09:27', '2025-10-12 01:10:22'),
(43, 21, 'Llamar a gero', NULL, '', '#b7b2e7', 2, 1, 1, '2025-10-11', NULL, '2025-10-12 01:09:46', '2025-10-12 01:09:46'),
(44, 21, 'Ingles', NULL, '', '#b7b2e7', 3, 1, 1, '2025-10-11', NULL, '2025-10-12 01:09:54', '2025-10-12 01:09:54'),
(45, 22, 'Audio Motivacional', NULL, '', '#b7b2e7', 0, 1, 1, '2025-10-11', NULL, '2025-10-12 02:05:51', '2025-10-12 02:06:12'),
(46, 22, 'Caminar', NULL, '', '#b7b2e7', 1, 1, 1, '2025-10-11', NULL, '2025-10-12 02:06:35', '2025-10-12 02:06:35'),
(48, 9, 'La dosis diaria ✨🙏🏻', NULL, '', '#b7b2e7', 3, 1, 1, '2026-01-10', NULL, '2026-01-10 22:58:33', '2026-01-10 22:59:00'),
(49, 6, 'Déficit calórico 🔥', NULL, '', '#b7b2e7', 5, 1, 1, '2026-03-16', NULL, '2026-03-17 02:32:00', '2026-03-17 02:32:00');

-- --------------------------------------------------------

--
-- Estructura de tabla para la tabla `habit_defer`
--

CREATE TABLE `habit_defer` (
  `user_id` bigint(20) UNSIGNED NOT NULL,
  `habit_id` int(10) UNSIGNED NOT NULL,
  `day_date` date NOT NULL,
  `defer_rank` int(11) NOT NULL DEFAULT 1,
  `updated_at` timestamp NOT NULL DEFAULT current_timestamp() ON UPDATE current_timestamp()
) ENGINE=InnoDB DEFAULT CHARSET=utf8mb4 COLLATE=utf8mb4_general_ci;

--
-- Volcado de datos para la tabla `habit_defer`
--

INSERT INTO `habit_defer` (`user_id`, `habit_id`, `day_date`, `defer_rank`, `updated_at`) VALUES
(1, 1, '2025-09-23', 2, '2025-09-25 01:43:52'),
(1, 1, '2025-09-24', 15, '2025-09-25 01:47:15'),
(1, 1, '2025-09-25', 12, '2025-09-26 01:21:54'),
(1, 8, '2025-09-25', 3, '2025-09-26 00:36:09'),
(3, 12, '2025-09-25', 1, '2025-09-26 01:34:35'),
(4, 10, '2025-09-25', 1, '2025-09-26 01:37:45'),
(6, 14, '2025-09-26', 2, '2025-09-26 22:44:56'),
(6, 15, '2025-09-25', 1, '2025-09-26 02:12:56'),
(6, 15, '2025-09-26', 1, '2025-09-26 22:44:54'),
(6, 16, '2025-09-25', 1, '2025-09-26 02:12:57'),
(6, 16, '2025-09-26', 1, '2025-09-26 22:44:55'),
(6, 15, '2025-09-26', 1, '2025-09-27 02:18:51'),
(6, 16, '2025-09-26', 1, '2025-09-27 02:18:52'),
(6, 15, '2025-09-26', 1, '2025-09-27 02:25:56'),
(6, 16, '2025-09-26', 1, '2025-09-27 02:25:57'),
(6, 15, '2025-09-26', 1, '2025-09-27 02:25:58'),
(6, 16, '2025-09-26', 1, '2025-09-27 02:25:58'),
(6, 15, '2025-09-26', 1, '2025-09-27 02:25:59'),
(6, 16, '2025-09-26', 1, '2025-09-27 02:26:00'),
(6, 15, '2025-09-26', 1, '2025-09-27 02:26:01'),
(6, 16, '2025-09-26', 1, '2025-09-27 02:26:02'),
(6, 15, '2025-09-26', 1, '2025-09-27 02:26:10'),
(6, 16, '2025-09-26', 1, '2025-09-27 02:26:11'),
(6, 15, '2025-09-26', 1, '2025-09-27 02:26:12'),
(6, 16, '2025-09-26', 1, '2025-09-27 02:26:13'),
(6, 15, '2025-09-26', 1, '2025-09-27 02:26:18'),
(6, 16, '2025-09-26', 1, '2025-09-27 02:26:34'),
(6, 15, '2025-09-26', 1, '2025-09-27 02:26:46'),
(6, 16, '2025-09-26', 1, '2025-09-27 02:26:47'),
(6, 15, '2025-09-26', 1, '2025-09-27 02:26:50'),
(6, 16, '2025-09-26', 1, '2025-09-27 02:26:51'),
(6, 15, '2025-09-26', 1, '2025-09-27 02:26:52'),
(6, 16, '2025-09-26', 1, '2025-09-27 02:26:53'),
(6, 16, '2025-09-27', 1, '2025-09-27 13:03:53'),
(6, 16, '2025-09-27', 1, '2025-09-27 13:03:55'),
(6, 16, '2025-09-27', 1, '2025-09-27 13:03:57'),
(6, 16, '2025-09-27', 1, '2025-09-27 20:35:48'),
(6, 16, '2025-09-27', 1, '2025-09-27 20:35:50'),
(6, 20, '2025-09-27', 1, '2025-09-27 20:41:34'),
(6, 14, '2025-09-27', 1, '2025-09-27 20:41:58'),
(6, 14, '2025-09-27', 1, '2025-09-27 20:42:01'),
(6, 16, '2025-09-27', 1, '2025-09-27 20:42:02'),
(6, 14, '2025-09-27', 1, '2025-09-27 20:42:03'),
(6, 16, '2025-09-27', 1, '2025-09-27 20:42:04'),
(6, 14, '2025-09-27', 1, '2025-09-27 20:58:55'),
(6, 14, '2025-09-27', 1, '2025-09-27 21:08:08'),
(6, 16, '2025-09-27', 1, '2025-09-27 21:08:09'),
(6, 14, '2025-09-27', 1, '2025-09-27 22:34:48'),
(6, 16, '2025-09-27', 1, '2025-09-27 22:34:48'),
(6, 14, '2025-09-27', 1, '2025-09-27 22:34:50'),
(6, 16, '2025-09-27', 1, '2025-09-27 23:26:08'),
(8, 30, '2025-09-27', 1, '2025-09-27 23:32:54'),
(8, 28, '2025-09-27', 1, '2025-09-27 23:32:55'),
(8, 29, '2025-09-27', 1, '2025-09-27 23:32:56'),
(8, 30, '2025-09-27', 1, '2025-09-27 23:32:57'),
(8, 28, '2025-09-27', 1, '2025-09-27 23:32:58'),
(8, 29, '2025-09-27', 1, '2025-09-27 23:32:59'),
(6, 16, '2025-09-27', 1, '2025-09-27 23:37:01'),
(6, 16, '2025-09-27', 1, '2025-09-27 23:56:50'),
(6, 16, '2025-09-27', 1, '2025-09-27 23:56:51'),
(6, 16, '2025-09-27', 1, '2025-09-28 00:56:13'),
(6, 16, '2025-09-27', 1, '2025-09-28 01:04:31'),
(6, 14, '2025-09-28', 1, '2025-09-28 15:04:10'),
(6, 16, '2025-09-28', 1, '2025-09-28 15:06:26'),
(6, 14, '2025-09-28', 1, '2025-09-28 17:37:45'),
(6, 16, '2025-09-28', 1, '2025-09-28 17:37:46'),
(9, 33, '2025-09-28', 1, '2025-09-28 19:29:32'),
(9, 32, '2025-09-29', 1, '2025-09-29 22:06:24'),
(6, 16, '2025-09-29', 1, '2025-09-29 23:07:48'),
(6, 15, '2025-09-30', 1, '2025-09-30 17:29:47'),
(6, 16, '2025-09-30', 1, '2025-09-30 23:04:31'),
(6, 16, '2025-09-30', 1, '2025-09-30 23:04:38'),
(10, 38, '2025-10-02', 1, '2025-10-02 14:28:21'),
(10, 40, '2025-10-02', 1, '2025-10-02 14:28:23'),
(9, 32, '2025-10-04', 1, '2025-10-04 14:46:03'),
(9, 33, '2025-10-04', 1, '2025-10-04 14:46:04'),
(6, 20, '2025-10-04', 1, '2025-10-04 14:46:30'),
(6, 35, '2025-10-04', 1, '2025-10-04 15:34:34'),
(6, 15, '2025-10-04', 1, '2025-10-04 15:34:35'),
(6, 35, '2025-10-04', 1, '2025-10-04 15:34:41'),
(6, 15, '2025-10-04', 1, '2025-10-04 15:34:41'),
(9, 32, '2025-10-04', 1, '2025-10-04 15:38:56'),
(6, 20, '2025-10-05', 1, '2025-10-05 18:42:58'),
(6, 14, '2025-10-05', 1, '2025-10-05 18:42:58'),
(6, 15, '2025-10-05', 1, '2025-10-05 20:23:02'),
(6, 16, '2025-10-05', 1, '2025-10-05 20:23:04'),
(6, 15, '2025-10-05', 1, '2025-10-05 20:23:11'),
(6, 16, '2025-10-05', 1, '2025-10-05 20:23:12'),
(9, 32, '2025-10-05', 1, '2025-10-05 20:23:25'),
(9, 33, '2025-10-05', 1, '2025-10-05 20:23:26'),
(6, 15, '2025-10-06', 1, '2025-10-07 01:52:38'),
(6, 20, '2025-10-09', 1, '2025-10-09 12:03:53'),
(6, 35, '2025-10-09', 1, '2025-10-09 15:26:54'),
(6, 15, '2025-10-09', 1, '2025-10-09 15:26:54'),
(6, 16, '2025-10-09', 1, '2025-10-09 15:26:55'),
(9, 32, '2025-10-09', 1, '2025-10-10 00:58:01'),
(6, 15, '2025-10-10', 1, '2025-10-10 23:42:21'),
(9, 32, '2025-10-10', 1, '2025-10-11 04:42:51'),
(6, 16, '2025-10-10', 1, '2025-10-11 04:46:43'),
(6, 20, '2025-10-11', 1, '2025-10-11 14:40:20'),
(6, 14, '2025-10-11', 1, '2025-10-11 14:40:22'),
(6, 15, '2025-10-11', 1, '2025-10-11 14:40:24'),
(9, 32, '2025-10-11', 1, '2025-10-11 16:25:59'),
(6, 14, '2025-10-11', 1, '2025-10-11 19:20:24'),
(6, 14, '2025-10-11', 1, '2025-10-11 19:20:26'),
(9, 36, '2025-10-11', 1, '2025-10-11 19:33:28'),
(21, 42, '2025-10-11', 1, '2025-10-12 01:10:35'),
(21, 43, '2025-10-11', 1, '2025-10-12 01:10:41'),
(21, 42, '2025-10-11', 1, '2025-10-12 01:10:44'),
(9, 36, '2025-10-11', 1, '2025-10-12 01:15:25'),
(6, 20, '2025-10-12', 1, '2025-10-12 15:12:20'),
(6, 15, '2025-10-12', 1, '2025-10-12 16:10:46'),
(6, 15, '2025-10-12', 1, '2025-10-12 16:10:51'),
(6, 15, '2025-10-12', 1, '2025-10-12 23:28:24'),
(9, 33, '2025-10-12', 1, '2025-10-13 02:11:35'),
(9, 32, '2025-10-14', 1, '2025-10-15 00:19:48'),
(6, 20, '2025-10-15', 1, '2025-10-15 20:35:14'),
(6, 16, '2025-10-15', 1, '2025-10-16 00:39:33'),
(9, 32, '2025-10-15', 1, '2025-10-16 02:38:55'),
(9, 32, '2025-10-16', 1, '2025-10-17 03:31:15'),
(6, 20, '2025-10-17', 1, '2025-10-17 14:07:26'),
(6, 15, '2025-10-17', 1, '2025-10-17 23:57:45'),
(6, 16, '2025-10-17', 1, '2025-10-18 03:36:21'),
(6, 15, '2025-10-17', 1, '2025-10-18 03:36:26'),
(6, 16, '2025-10-17', 1, '2025-10-18 03:36:27'),
(9, 32, '2025-10-18', 1, '2025-10-18 21:15:38'),
(6, 15, '2025-10-18', 1, '2025-10-18 22:25:07'),
(6, 16, '2025-10-18', 1, '2025-10-18 22:25:08'),
(6, 15, '2025-10-18', 1, '2025-10-18 22:25:08'),
(9, 32, '2025-10-18', 1, '2025-10-18 22:25:21'),
(6, 16, '2025-10-18', 1, '2025-10-19 04:59:59'),
(6, 20, '2025-10-20', 1, '2025-10-20 18:54:17'),
(9, 32, '2025-10-20', 1, '2025-10-21 04:08:12'),
(6, 20, '2025-10-21', 1, '2025-10-22 00:24:30'),
(6, 35, '2025-10-21', 1, '2025-10-22 01:09:16'),
(6, 15, '2025-10-21', 1, '2025-10-22 01:09:17'),
(6, 16, '2025-10-21', 1, '2025-10-22 01:09:18'),
(6, 20, '2025-10-21', 1, '2025-10-22 01:09:19'),
(6, 35, '2025-10-21', 1, '2025-10-22 01:09:20'),
(6, 15, '2025-10-21', 1, '2025-10-22 01:09:21'),
(6, 35, '2025-10-21', 1, '2025-10-22 03:29:07'),
(6, 15, '2025-10-21', 1, '2025-10-22 03:29:08'),
(9, 32, '2025-10-22', 1, '2025-10-23 02:43:24'),
(6, 20, '2025-10-22', 1, '2025-10-23 03:14:24'),
(6, 14, '2025-10-22', 1, '2025-10-23 03:14:25'),
(6, 15, '2025-10-22', 1, '2025-10-23 03:14:27'),
(6, 14, '2025-10-22', 1, '2025-10-23 03:21:51'),
(6, 15, '2025-10-22', 1, '2025-10-23 03:21:52'),
(6, 15, '2025-10-22', 1, '2025-10-23 03:25:09'),
(6, 15, '2025-10-27', 1, '2025-10-28 02:40:22'),
(6, 16, '2025-10-27', 1, '2025-10-28 02:40:23'),
(6, 15, '2025-10-28', 1, '2025-10-28 22:50:20'),
(6, 16, '2025-10-28', 1, '2025-10-28 22:50:20'),
(6, 14, '2025-10-29', 1, '2025-10-30 00:27:21'),
(6, 20, '2025-10-29', 1, '2025-10-30 00:27:22'),
(6, 15, '2025-10-29', 1, '2025-10-30 00:27:24'),
(6, 16, '2025-10-29', 1, '2025-10-30 00:27:25'),
(6, 14, '2025-10-29', 1, '2025-10-30 01:01:05'),
(6, 14, '2025-10-29', 1, '2025-10-30 01:01:08'),
(6, 15, '2025-10-29', 1, '2025-10-30 01:01:09'),
(6, 16, '2025-10-29', 1, '2025-10-30 01:01:10'),
(6, 15, '2025-10-29', 1, '2025-10-30 02:53:29'),
(6, 16, '2025-10-29', 1, '2025-10-30 02:53:29'),
(6, 14, '2025-10-31', 1, '2025-11-01 03:07:19'),
(6, 16, '2025-10-31', 1, '2025-11-01 03:07:23'),
(6, 14, '2025-10-31', 1, '2025-11-01 03:07:25'),
(9, 33, '2025-11-02', 1, '2025-11-03 02:15:52'),
(9, 36, '2025-11-02', 1, '2025-11-03 02:15:53'),
(6, 14, '2025-11-03', 1, '2025-11-03 20:04:58'),
(6, 16, '2025-11-03', 1, '2025-11-03 20:05:02'),
(6, 14, '2025-11-03', 1, '2025-11-03 20:05:03'),
(6, 16, '2025-11-03', 1, '2025-11-03 20:05:03'),
(6, 16, '2025-11-05', 1, '2025-11-06 03:25:27'),
(6, 15, '2025-11-06', 1, '2025-11-07 00:56:54'),
(6, 16, '2025-11-06', 1, '2025-11-07 00:56:55'),
(6, 15, '2025-11-06', 1, '2025-11-07 05:36:50'),
(6, 16, '2025-11-06', 1, '2025-11-07 05:36:53'),
(6, 14, '2025-11-07', 1, '2025-11-07 22:59:45'),
(6, 16, '2025-11-07', 1, '2025-11-07 22:59:50'),
(6, 14, '2025-11-07', 1, '2025-11-07 22:59:51'),
(6, 16, '2025-11-07', 1, '2025-11-07 23:40:36'),
(6, 16, '2025-11-07', 1, '2025-11-07 23:40:42'),
(6, 14, '2025-11-08', 1, '2025-11-08 17:03:52'),
(6, 15, '2025-11-08', 1, '2025-11-08 17:03:56'),
(6, 15, '2025-11-08', 1, '2025-11-09 02:13:59'),
(6, 14, '2025-11-09', 1, '2025-11-10 02:33:46'),
(6, 15, '2025-11-09', 1, '2025-11-10 02:33:50'),
(6, 16, '2025-11-09', 1, '2025-11-10 02:33:51'),
(9, 32, '2025-11-10', 1, '2025-11-11 02:25:37'),
(6, 14, '2025-11-11', 1, '2025-11-11 16:57:00'),
(6, 20, '2025-11-11', 1, '2025-11-11 16:57:01'),
(6, 15, '2025-11-11', 1, '2025-11-11 16:57:05'),
(6, 16, '2025-11-11', 1, '2025-11-11 16:57:05'),
(6, 14, '2025-11-11', 1, '2025-11-12 00:08:11'),
(6, 16, '2025-11-11', 1, '2025-11-12 00:08:18'),
(6, 16, '2025-11-11', 1, '2025-11-12 01:51:12'),
(6, 16, '2025-11-11', 1, '2025-11-12 01:51:13'),
(6, 14, '2025-11-12', 1, '2025-11-12 15:55:15'),
(6, 20, '2025-11-12', 1, '2025-11-12 15:55:15'),
(6, 16, '2025-11-12', 1, '2025-11-12 23:39:22'),
(6, 14, '2025-11-12', 1, '2025-11-12 23:39:24'),
(6, 16, '2025-11-12', 1, '2025-11-12 23:39:31'),
(6, 14, '2025-11-13', 1, '2025-11-13 22:27:15'),
(6, 16, '2025-11-13', 1, '2025-11-13 22:27:20'),
(6, 14, '2025-11-13', 1, '2025-11-13 22:27:21'),
(6, 16, '2025-11-13', 1, '2025-11-13 22:27:22'),
(6, 14, '2025-11-13', 1, '2025-11-13 22:27:45'),
(6, 16, '2025-11-13', 1, '2025-11-13 22:27:45'),
(6, 16, '2025-11-14', 1, '2025-11-15 00:55:34'),
(6, 14, '2025-11-15', 1, '2025-11-15 19:23:33'),
(6, 16, '2025-11-15', 1, '2025-11-15 19:23:36'),
(6, 14, '2025-11-15', 1, '2025-11-15 19:23:37'),
(6, 14, '2025-11-16', 1, '2025-11-17 04:23:08'),
(6, 35, '2025-11-16', 1, '2025-11-17 04:23:12'),
(6, 15, '2025-11-16', 1, '2025-11-17 04:23:13'),
(6, 16, '2025-11-16', 1, '2025-11-17 04:23:14'),
(6, 14, '2025-11-16', 1, '2025-11-17 04:23:15'),
(6, 14, '2025-11-17', 1, '2025-11-18 03:57:16'),
(6, 35, '2025-11-17', 1, '2025-11-18 03:57:19'),
(6, 15, '2025-11-17', 1, '2025-11-18 03:57:20'),
(6, 16, '2025-11-17', 1, '2025-11-18 03:57:21'),
(6, 16, '2025-11-18', 1, '2025-11-18 23:03:02'),
(6, 14, '2025-11-19', 1, '2025-11-19 14:16:03'),
(6, 20, '2025-11-19', 1, '2025-11-19 14:16:04'),
(6, 15, '2025-11-19', 1, '2025-11-20 03:09:17'),
(6, 15, '2025-11-19', 1, '2025-11-20 03:09:23'),
(6, 14, '2025-11-20', 1, '2025-11-21 00:55:33'),
(6, 20, '2025-11-20', 1, '2025-11-21 00:55:34'),
(6, 35, '2025-11-20', 1, '2025-11-21 00:55:35'),
(6, 15, '2025-11-20', 1, '2025-11-21 00:55:36'),
(6, 16, '2025-11-20', 1, '2025-11-21 00:55:37'),
(6, 14, '2025-12-01', 1, '2025-12-01 11:48:04'),
(6, 14, '2026-01-02', 1, '2026-01-02 17:13:40'),
(6, 16, '2026-01-02', 1, '2026-01-02 20:32:00'),
(6, 14, '2026-01-02', 1, '2026-01-02 20:32:01'),
(6, 16, '2026-01-02', 1, '2026-01-02 20:32:01'),
(6, 14, '2026-01-02', 1, '2026-01-02 20:32:16'),
(6, 16, '2026-01-02', 1, '2026-01-02 20:32:16'),
(6, 14, '2026-01-02', 1, '2026-01-02 22:46:55'),
(6, 16, '2026-01-02', 1, '2026-01-02 22:46:56'),
(6, 16, '2026-01-02', 1, '2026-01-03 02:30:28'),
(9, 33, '2026-01-02', 1, '2026-01-03 02:30:40'),
(9, 33, '2026-01-02', 1, '2026-01-03 02:30:41'),
(6, 14, '2026-01-03', 1, '2026-01-03 23:37:34'),
(6, 16, '2026-01-03', 1, '2026-01-03 23:37:38'),
(6, 14, '2026-01-03', 1, '2026-01-03 23:37:39'),
(6, 16, '2026-01-03', 1, '2026-01-04 04:50:24'),
(6, 16, '2026-01-04', 1, '2026-01-05 03:10:34'),
(6, 16, '2026-01-05', 1, '2026-01-06 02:06:44'),
(6, 15, '2026-01-06', 1, '2026-01-06 22:40:59'),
(6, 15, '2026-01-07', 1, '2026-01-07 23:57:04'),
(6, 15, '2026-01-08', 1, '2026-01-09 03:25:35'),
(6, 15, '2026-01-09', 1, '2026-01-10 03:58:15'),
(9, 33, '2026-01-10', 1, '2026-01-10 22:58:39'),
(9, 36, '2026-01-10', 1, '2026-01-10 22:58:40'),
(6, 14, '2026-01-10', 1, '2026-01-11 05:42:15'),
(6, 35, '2026-01-10', 1, '2026-01-11 05:42:17'),
(6, 15, '2026-01-10', 1, '2026-01-11 05:42:17'),
(6, 16, '2026-01-10', 1, '2026-01-11 05:42:19'),
(6, 14, '2026-01-10', 1, '2026-01-11 05:42:19'),
(6, 14, '2026-01-10', 1, '2026-01-11 05:42:29'),
(6, 14, '2026-01-11', 1, '2026-01-11 16:27:44'),
(6, 20, '2026-01-12', 1, '2026-01-12 15:36:47'),
(6, 15, '2026-01-12', 1, '2026-01-12 15:36:51'),
(6, 16, '2026-01-12', 1, '2026-01-12 15:36:51'),
(6, 20, '2026-01-12', 1, '2026-01-12 15:36:52'),
(6, 15, '2026-01-12', 1, '2026-01-12 15:36:53'),
(6, 16, '2026-01-12', 1, '2026-01-13 03:28:05'),
(6, 14, '2026-01-13', 1, '2026-01-14 04:51:51'),
(6, 15, '2026-01-13', 1, '2026-01-14 04:51:54'),
(6, 16, '2026-01-13', 1, '2026-01-14 04:51:55'),
(6, 14, '2026-01-13', 1, '2026-01-14 04:51:55'),
(6, 15, '2026-01-13', 1, '2026-01-14 04:51:56'),
(6, 14, '2026-01-13', 1, '2026-01-14 05:24:29'),
(6, 15, '2026-01-13', 1, '2026-01-14 05:24:29'),
(6, 16, '2026-01-13', 1, '2026-01-14 05:24:30'),
(6, 14, '2026-01-17', 1, '2026-01-18 01:29:33'),
(6, 16, '2026-01-17', 1, '2026-01-18 01:29:38'),
(6, 14, '2026-01-17', 1, '2026-01-18 01:29:39'),
(6, 14, '2026-01-18', 1, '2026-01-18 23:08:55'),
(6, 35, '2026-01-18', 1, '2026-01-18 23:08:58'),
(6, 14, '2026-01-18', 1, '2026-01-18 23:09:13'),
(6, 20, '2026-01-21', 1, '2026-01-22 00:10:42'),
(6, 16, '2026-01-21', 1, '2026-01-22 00:10:45'),
(6, 20, '2026-01-21', 1, '2026-01-22 00:10:46'),
(6, 20, '2026-01-21', 1, '2026-01-22 02:33:19'),
(6, 14, '2026-01-22', 1, '2026-01-23 02:18:43'),
(6, 16, '2026-01-22', 1, '2026-01-23 02:18:47'),
(6, 14, '2026-01-22', 1, '2026-01-23 02:18:48'),
(6, 14, '2026-01-23', 1, '2026-01-23 22:53:55'),
(6, 15, '2026-01-23', 1, '2026-01-23 22:53:59'),
(6, 16, '2026-01-23', 1, '2026-01-23 22:53:59'),
(6, 14, '2026-01-23', 1, '2026-01-23 22:54:00'),
(6, 15, '2026-01-23', 1, '2026-01-24 04:30:29'),
(6, 16, '2026-01-23', 1, '2026-01-24 04:30:30'),
(6, 15, '2026-01-23', 1, '2026-01-24 04:30:31'),
(6, 15, '2026-01-23', 1, '2026-01-24 04:53:35'),
(6, 14, '2026-01-24', 1, '2026-01-25 02:00:21'),
(6, 16, '2026-01-24', 1, '2026-01-25 02:00:27'),
(6, 14, '2026-01-24', 1, '2026-01-25 02:00:28'),
(6, 16, '2026-01-25', 1, '2026-01-26 03:44:57'),
(6, 14, '2026-01-27', 1, '2026-01-28 04:11:27'),
(6, 15, '2026-01-27', 1, '2026-01-28 04:11:31'),
(6, 14, '2026-01-27', 1, '2026-01-28 04:11:32'),
(6, 15, '2026-01-27', 1, '2026-01-28 04:11:33'),
(6, 14, '2026-01-28', 1, '2026-01-29 04:21:22'),
(6, 15, '2026-01-28', 1, '2026-01-29 04:21:24'),
(6, 16, '2026-01-28', 1, '2026-01-29 04:21:25'),
(6, 14, '2026-01-28', 1, '2026-01-29 04:21:26'),
(6, 14, '2026-01-29', 1, '2026-01-30 03:37:35'),
(6, 16, '2026-01-29', 1, '2026-01-30 03:37:39'),
(6, 14, '2026-01-29', 1, '2026-01-30 03:37:39'),
(6, 14, '2026-01-30', 1, '2026-01-31 00:48:40'),
(6, 20, '2026-01-30', 1, '2026-01-31 00:48:59'),
(6, 35, '2026-01-30', 1, '2026-01-31 00:49:03'),
(6, 16, '2026-01-30', 1, '2026-01-31 00:49:14'),
(6, 14, '2026-01-30', 1, '2026-01-31 00:49:20'),
(6, 14, '2026-01-30', 1, '2026-01-31 00:49:24'),
(6, 14, '2026-01-30', 1, '2026-01-31 05:18:00'),
(6, 14, '2026-01-30', 1, '2026-01-31 05:18:01'),
(6, 16, '2026-01-30', 1, '2026-01-31 05:18:02'),
(6, 14, '2026-01-30', 1, '2026-01-31 05:18:02'),
(6, 14, '2026-01-31', 1, '2026-02-01 03:04:07'),
(6, 15, '2026-01-31', 1, '2026-02-01 03:04:11'),
(6, 16, '2026-01-31', 1, '2026-02-01 03:04:12'),
(6, 14, '2026-01-31', 1, '2026-02-01 03:04:13'),
(6, 14, '2026-02-01', 1, '2026-02-02 04:14:16'),
(6, 15, '2026-02-01', 1, '2026-02-02 04:14:20'),
(6, 16, '2026-02-01', 1, '2026-02-02 04:14:20'),
(6, 15, '2026-02-02', 1, '2026-02-03 03:28:29'),
(6, 16, '2026-02-02', 1, '2026-02-03 03:28:30'),
(6, 15, '2026-02-03', 1, '2026-02-04 03:10:58'),
(6, 16, '2026-02-03', 1, '2026-02-04 03:10:59'),
(6, 15, '2026-02-03', 1, '2026-02-04 03:10:59'),
(6, 16, '2026-02-05', 1, '2026-02-06 03:26:20'),
(6, 14, '2026-02-06', 1, '2026-02-07 03:22:31'),
(6, 15, '2026-02-06', 1, '2026-02-07 03:22:36'),
(6, 16, '2026-02-06', 1, '2026-02-07 03:22:37'),
(6, 14, '2026-02-06', 1, '2026-02-07 03:22:37'),
(6, 15, '2026-02-07', 1, '2026-02-08 03:22:58'),
(6, 15, '2026-02-07', 1, '2026-02-08 03:23:01'),
(6, 15, '2026-02-07', 1, '2026-02-08 03:23:02'),
(9, 33, '2026-02-08', 1, '2026-02-08 18:13:45'),
(6, 14, '2026-02-08', 1, '2026-02-08 19:13:36'),
(6, 16, '2026-02-08', 1, '2026-02-09 00:36:13'),
(6, 15, '2026-02-09', 1, '2026-02-10 02:21:46'),
(6, 16, '2026-02-09', 1, '2026-02-10 02:21:47'),
(6, 15, '2026-02-11', 1, '2026-02-12 04:25:16'),
(6, 16, '2026-02-11', 1, '2026-02-12 04:25:16'),
(6, 14, '2026-02-12', 1, '2026-02-13 04:53:33'),
(6, 16, '2026-02-12', 1, '2026-02-13 04:53:37'),
(6, 14, '2026-02-12', 1, '2026-02-13 04:53:38'),
(6, 14, '2026-02-13', 1, '2026-02-14 05:22:45'),
(6, 15, '2026-02-13', 1, '2026-02-14 05:22:49'),
(6, 16, '2026-02-13', 1, '2026-02-14 05:22:50'),
(6, 14, '2026-02-13', 1, '2026-02-14 05:22:50'),
(6, 15, '2026-02-15', 1, '2026-02-16 03:38:39'),
(6, 16, '2026-02-15', 1, '2026-02-16 03:38:40'),
(6, 15, '2026-02-18', 1, '2026-02-19 03:18:08'),
(6, 15, '2026-02-19', 1, '2026-02-20 06:07:37'),
(6, 16, '2026-02-19', 1, '2026-02-20 06:07:38'),
(6, 15, '2026-02-19', 1, '2026-02-20 06:07:38'),
(6, 35, '2026-02-23', 1, '2026-02-24 03:37:02'),
(6, 35, '2026-02-23', 1, '2026-02-24 03:37:06'),
(6, 15, '2026-02-26', 1, '2026-02-27 03:02:42'),
(6, 15, '2026-02-27', 1, '2026-02-28 04:50:49'),
(6, 16, '2026-02-27', 1, '2026-02-28 04:50:49'),
(6, 15, '2026-03-03', 1, '2026-03-04 02:07:32'),
(6, 20, '2026-03-04', 1, '2026-03-05 03:33:42'),
(6, 15, '2026-03-04', 1, '2026-03-05 03:33:47'),
(6, 20, '2026-03-04', 1, '2026-03-05 03:33:49'),
(6, 15, '2026-03-04', 1, '2026-03-05 03:33:49'),
(6, 20, '2026-03-04', 1, '2026-03-05 03:33:51'),
(6, 15, '2026-03-04', 1, '2026-03-05 03:33:51'),
(6, 14, '2026-03-07', 1, '2026-03-08 05:22:00'),
(6, 16, '2026-03-07', 1, '2026-03-08 05:22:04'),
(6, 14, '2026-03-07', 1, '2026-03-08 05:22:04'),
(6, 15, '2026-03-09', 1, '2026-03-10 02:59:18'),
(6, 16, '2026-03-09', 1, '2026-03-10 02:59:18'),
(6, 14, '2026-03-10', 1, '2026-03-11 05:03:05'),
(6, 15, '2026-03-10', 1, '2026-03-11 05:03:08'),
(6, 16, '2026-03-10', 1, '2026-03-11 05:03:09'),
(6, 14, '2026-03-10', 1, '2026-03-11 05:03:09'),
(6, 20, '2026-03-16', 1, '2026-03-16 15:08:25'),
(6, 15, '2026-03-16', 1, '2026-03-16 15:08:51'),
(6, 16, '2026-03-16', 1, '2026-03-16 15:08:52'),
(6, 20, '2026-03-16', 1, '2026-03-16 15:08:53'),
(6, 15, '2026-03-16', 1, '2026-03-16 15:08:53'),
(6, 16, '2026-03-16', 1, '2026-03-16 15:08:54'),
(6, 20, '2026-03-16', 1, '2026-03-16 15:08:55'),
(6, 15, '2026-03-16', 1, '2026-03-16 15:08:55'),
(6, 20, '2026-03-17', 1, '2026-03-18 03:11:03'),
(6, 15, '2026-03-17', 1, '2026-03-18 03:11:09'),
(6, 20, '2026-03-17', 1, '2026-03-18 03:11:16'),
(6, 15, '2026-03-17', 1, '2026-03-18 03:11:16'),
(6, 15, '2026-03-17', 1, '2026-03-18 04:45:13'),
(6, 15, '2026-03-17', 1, '2026-03-18 04:45:14'),
(6, 15, '2026-03-18', 1, '2026-03-19 03:00:54'),
(6, 15, '2026-03-19', 1, '2026-03-20 02:25:03'),
(6, 15, '2026-03-20', 1, '2026-03-21 03:33:14'),
(6, 16, '2026-03-20', 1, '2026-03-21 03:33:15'),
(6, 49, '2026-03-20', 1, '2026-03-21 03:33:16'),
(6, 15, '2026-03-20', 1, '2026-03-21 03:33:16'),
(6, 15, '2026-03-21', 1, '2026-03-22 03:59:30'),
(6, 16, '2026-03-21', 1, '2026-03-22 03:59:31'),
(6, 49, '2026-03-21', 1, '2026-03-22 03:59:31'),
(6, 14, '2026-03-23', 1, '2026-03-24 02:52:30'),
(6, 15, '2026-03-23', 1, '2026-03-24 02:52:35'),
(6, 16, '2026-03-23', 1, '2026-03-24 02:52:36'),
(6, 49, '2026-03-23', 1, '2026-03-24 02:52:37'),
(6, 14, '2026-03-23', 1, '2026-03-24 02:52:38'),
(6, 20, '2026-03-24', 1, '2026-03-25 04:13:38'),
(6, 35, '2026-03-24', 1, '2026-03-25 04:13:39'),
(6, 15, '2026-03-24', 1, '2026-03-25 04:13:40'),
(6, 16, '2026-03-24', 1, '2026-03-25 04:13:41'),
(6, 20, '2026-03-24', 1, '2026-03-25 04:13:42'),
(6, 35, '2026-03-24', 1, '2026-03-25 04:13:43'),
(6, 15, '2026-03-24', 1, '2026-03-25 04:13:43'),
(6, 16, '2026-03-24', 1, '2026-03-25 04:13:44'),
(6, 15, '2026-03-26', 1, '2026-03-27 01:51:51'),
(6, 15, '2026-03-27', 1, '2026-03-28 04:21:48'),
(6, 14, '2026-03-30', 1, '2026-03-31 03:38:23'),
(6, 15, '2026-03-30', 1, '2026-03-31 03:38:28'),
(6, 16, '2026-03-30', 1, '2026-03-31 03:38:29'),
(6, 49, '2026-03-30', 1, '2026-03-31 03:38:29'),
(6, 14, '2026-03-30', 1, '2026-03-31 03:38:29'),
(6, 15, '2026-03-30', 1, '2026-03-31 03:38:30'),
(6, 16, '2026-03-30', 1, '2026-03-31 03:38:30'),
(6, 49, '2026-03-30', 1, '2026-03-31 03:38:30'),
(6, 14, '2026-03-30', 1, '2026-03-31 03:38:31'),
(6, 14, '2026-03-31', 1, '2026-04-01 03:00:23'),
(6, 15, '2026-03-31', 1, '2026-04-01 03:00:27'),
(6, 16, '2026-03-31', 1, '2026-04-01 03:00:27'),
(6, 14, '2026-04-05', 1, '2026-04-05 21:14:47'),
(6, 15, '2026-04-05', 1, '2026-04-05 21:14:52'),
(6, 16, '2026-04-05', 1, '2026-04-05 21:14:54'),
(6, 49, '2026-04-05', 1, '2026-04-05 21:14:56'),
(6, 14, '2026-04-05', 1, '2026-04-05 21:14:57'),
(6, 14, '2026-04-07', 1, '2026-04-08 03:48:14'),
(6, 16, '2026-04-07', 1, '2026-04-08 03:48:18'),
(6, 14, '2026-04-07', 1, '2026-04-08 03:48:20'),
(6, 16, '2026-04-07', 1, '2026-04-08 03:48:20'),
(6, 14, '2026-04-08', 1, '2026-04-09 04:14:50'),
(6, 15, '2026-04-08', 1, '2026-04-09 04:14:52'),
(6, 16, '2026-04-08', 1, '2026-04-09 04:14:53'),
(6, 14, '2026-04-08', 1, '2026-04-09 04:14:55'),
(6, 15, '2026-04-08', 1, '2026-04-09 04:14:56'),
(9, 32, '2026-04-09', 1, '2026-04-09 12:42:00'),
(9, 33, '2026-04-09', 1, '2026-04-09 12:42:02'),
(9, 32, '2026-04-09', 1, '2026-04-09 12:42:20'),
(9, 33, '2026-04-09', 1, '2026-04-09 12:42:20'),
(6, 14, '2026-04-09', 1, '2026-04-09 17:31:41'),
(6, 20, '2026-04-09', 1, '2026-04-09 17:31:43'),
(6, 35, '2026-04-09', 1, '2026-04-09 17:31:43'),
(6, 15, '2026-04-09', 1, '2026-04-09 17:31:44'),
(6, 16, '2026-04-09', 1, '2026-04-10 03:09:12'),
(6, 15, '2026-04-09', 1, '2026-04-10 03:09:17'),
(6, 14, '2026-04-10', 1, '2026-04-11 05:08:08'),
(6, 15, '2026-04-10', 1, '2026-04-11 05:08:10'),
(6, 16, '2026-04-10', 1, '2026-04-11 05:08:12'),
(6, 49, '2026-04-10', 1, '2026-04-11 05:08:13'),
(6, 15, '2026-04-10', 1, '2026-04-11 05:08:15'),
(6, 16, '2026-04-10', 1, '2026-04-11 05:08:15'),
(6, 14, '2026-04-12', 1, '2026-04-13 03:30:00'),
(6, 15, '2026-04-12', 1, '2026-04-13 03:30:05'),
(6, 16, '2026-04-12', 1, '2026-04-13 03:30:06'),
(6, 49, '2026-04-12', 1, '2026-04-13 03:30:06'),
(6, 14, '2026-04-12', 1, '2026-04-13 03:30:07'),
(6, 15, '2026-04-12', 1, '2026-04-13 03:30:07'),
(6, 16, '2026-04-12', 1, '2026-04-13 03:30:08'),
(6, 49, '2026-04-12', 1, '2026-04-13 03:30:08'),
(6, 14, '2026-04-12', 1, '2026-04-13 03:30:09'),
(6, 16, '2026-04-13', 1, '2026-04-14 03:42:57'),
(6, 15, '2026-04-14', 1, '2026-04-15 02:55:53'),
(6, 15, '2026-04-16', 1, '2026-04-17 03:53:06'),
(6, 16, '2026-04-16', 1, '2026-04-17 03:53:07'),
(6, 49, '2026-04-16', 1, '2026-04-17 03:53:08'),
(6, 15, '2026-04-16', 1, '2026-04-17 03:53:09'),
(6, 16, '2026-04-16', 1, '2026-04-17 03:53:09'),
(6, 15, '2026-04-16', 1, '2026-04-17 03:53:12'),
(6, 16, '2026-04-16', 1, '2026-04-17 03:53:12'),
(6, 16, '2026-04-19', 1, '2026-04-20 02:44:50'),
(6, 49, '2026-04-19', 1, '2026-04-20 02:44:51'),
(6, 14, '2026-04-20', 1, '2026-04-21 04:11:37'),
(6, 16, '2026-04-20', 1, '2026-04-21 04:11:41'),
(6, 49, '2026-04-20', 1, '2026-04-21 04:11:42'),
(6, 14, '2026-04-20', 1, '2026-04-21 04:11:43'),
(6, 16, '2026-04-20', 1, '2026-04-21 04:11:44'),
(6, 49, '2026-04-20', 1, '2026-04-21 04:11:45'),
(6, 14, '2026-04-21', 1, '2026-04-22 03:24:50'),
(6, 15, '2026-04-21', 1, '2026-04-22 03:24:55'),
(6, 16, '2026-04-21', 1, '2026-04-22 03:24:56'),
(6, 14, '2026-04-26', 1, '2026-04-27 04:13:43'),
(6, 15, '2026-04-26', 1, '2026-04-27 04:13:46'),
(6, 16, '2026-04-26', 1, '2026-04-27 04:13:46'),
(6, 49, '2026-04-26', 1, '2026-04-27 04:13:46'),
(6, 14, '2026-04-26', 1, '2026-04-27 04:13:47'),
(6, 15, '2026-04-26', 1, '2026-04-27 04:13:47'),
(6, 16, '2026-04-26', 1, '2026-04-27 04:13:48'),
(6, 49, '2026-04-26', 1, '2026-04-27 04:13:48'),
(6, 14, '2026-05-02', 1, '2026-05-02 15:20:44'),
(6, 20, '2026-05-02', 1, '2026-05-02 15:20:45'),
(6, 35, '2026-05-02', 1, '2026-05-02 15:20:47'),
(6, 15, '2026-05-02', 1, '2026-05-02 15:20:48'),
(6, 16, '2026-05-02', 1, '2026-05-02 15:20:49'),
(6, 49, '2026-05-02', 1, '2026-05-02 15:20:50'),
(6, 14, '2026-05-02', 1, '2026-05-02 15:20:51');

-- --------------------------------------------------------

--
-- Estructura de tabla para la tabla `habit_events`
--

CREATE TABLE `habit_events` (
  `id` int(10) UNSIGNED NOT NULL,
  `habit_id` int(10) UNSIGNED NOT NULL,
  `event_time` datetime NOT NULL DEFAULT current_timestamp(),
  `source` enum('manual','auto','import') NOT NULL DEFAULT 'manual',
  `note` varchar(255) DEFAULT NULL
) ENGINE=InnoDB DEFAULT CHARSET=utf8mb4 COLLATE=utf8mb4_general_ci;

--
-- Volcado de datos para la tabla `habit_events`
--

INSERT INTO `habit_events` (`id`, `habit_id`, `event_time`, `source`, `note`) VALUES
(1, 8, '2025-09-25 19:23:05', 'manual', NULL),
(2, 1, '2025-09-22 09:00:00', '', NULL),
(3, 1, '2025-09-23 09:00:00', '', NULL),
(4, 1, '2025-09-24 09:00:00', '', NULL),
(5, 1, '2025-09-25 09:00:00', '', NULL),
(6, 1, '2025-09-01 08:00:00', '', NULL),
(7, 1, '2025-09-02 08:00:00', '', NULL),
(8, 1, '2025-09-03 08:00:00', '', NULL),
(9, 1, '2025-09-04 08:00:00', '', NULL),
(10, 1, '2025-09-05 08:00:00', '', NULL),
(11, 1, '2025-09-06 08:00:00', '', NULL),
(12, 1, '2025-09-07 08:00:00', '', NULL),
(13, 1, '2025-09-08 08:00:00', '', NULL),
(14, 1, '2025-09-09 08:00:00', '', NULL),
(15, 1, '2025-09-10 08:00:00', '', NULL),
(16, 1, '2025-09-11 08:00:00', '', NULL),
(17, 1, '2025-09-12 08:00:00', '', NULL),
(18, 1, '2025-09-13 08:00:00', '', NULL),
(19, 1, '2025-09-14 08:00:00', '', NULL),
(20, 1, '2025-09-15 08:00:00', '', NULL),
(21, 1, '2025-09-16 08:00:00', '', NULL),
(22, 1, '2025-09-17 08:00:00', '', NULL),
(23, 1, '2025-09-18 08:00:00', '', NULL),
(24, 1, '2025-09-25 19:34:16', 'manual', NULL),
(25, 8, '2025-09-25 19:36:02', 'manual', NULL),
(26, 1, '2025-09-25 19:36:07', 'manual', NULL),
(27, 8, '2025-09-25 19:36:09', 'manual', NULL),
(28, 1, '2025-09-25 19:36:12', 'manual', NULL),
(29, 8, '2025-09-25 19:36:14', 'manual', NULL),
(30, 1, '2025-09-25 19:36:16', 'manual', NULL),
(31, 1, '2025-09-25 19:36:32', 'manual', NULL),
(32, 1, '2025-09-25 20:18:57', 'manual', NULL),
(33, 1, '2025-09-25 20:21:50', 'manual', NULL),
(34, 1, '2025-09-25 20:21:51', 'manual', NULL),
(35, 1, '2025-09-25 20:21:52', 'manual', NULL),
(36, 1, '2025-09-25 20:21:53', 'manual', NULL),
(37, 1, '2025-09-25 20:21:54', 'manual', NULL),
(38, 11, '2025-09-25 20:22:09', 'manual', NULL),
(39, 9, '2025-09-25 20:34:34', 'manual', NULL),
(201, 15, '2025-01-05 08:00:00', '', NULL),
(202, 15, '2025-01-07 08:00:00', '', NULL),
(203, 15, '2025-01-09 08:00:00', '', NULL),
(204, 15, '2025-01-10 08:00:00', '', NULL),
(205, 15, '2025-01-13 08:00:00', '', NULL),
(206, 15, '2025-01-14 08:00:00', '', NULL),
(207, 15, '2025-01-15 08:00:00', '', NULL),
(208, 15, '2025-01-16 08:00:00', '', NULL),
(209, 15, '2025-01-17 08:00:00', '', NULL),
(210, 15, '2025-01-19 08:00:00', '', NULL),
(211, 15, '2025-01-20 08:00:00', '', NULL),
(212, 15, '2025-01-21 08:00:00', '', NULL),
(213, 15, '2025-01-22 08:00:00', '', NULL),
(214, 15, '2025-01-23 08:00:00', '', NULL),
(215, 15, '2025-01-24 08:00:00', '', NULL),
(216, 15, '2025-01-31 08:00:00', '', NULL),
(217, 15, '2025-02-10 08:00:00', '', NULL),
(218, 15, '2025-02-11 08:00:00', '', NULL),
(219, 15, '2025-02-12 08:00:00', '', NULL),
(220, 15, '2025-02-13 08:00:00', '', NULL),
(221, 15, '2025-02-14 08:00:00', '', NULL),
(222, 15, '2025-02-17 08:00:00', '', NULL),
(223, 15, '2025-02-18 08:00:00', '', NULL),
(224, 15, '2025-02-19 08:00:00', '', NULL),
(225, 15, '2025-02-20 08:00:00', '', NULL),
(226, 15, '2025-02-21 08:00:00', '', NULL),
(227, 15, '2025-02-23 08:00:00', '', NULL),
(228, 15, '2025-02-24 08:00:00', '', NULL),
(229, 15, '2025-02-25 08:00:00', '', NULL),
(230, 15, '2025-02-26 08:00:00', '', NULL),
(231, 15, '2025-02-27 08:00:00', '', NULL),
(232, 15, '2025-02-28 08:00:00', '', NULL),
(233, 15, '2025-03-01 08:00:00', '', NULL),
(234, 15, '2025-03-03 08:00:00', '', NULL),
(235, 15, '2025-03-04 08:00:00', '', NULL),
(236, 15, '2025-03-05 08:00:00', '', NULL),
(237, 15, '2025-03-06 08:00:00', '', NULL),
(238, 15, '2025-03-07 08:00:00', '', NULL),
(239, 15, '2025-03-08 08:00:00', '', NULL),
(240, 15, '2025-03-09 08:00:00', '', NULL),
(241, 15, '2025-03-10 08:00:00', '', NULL),
(242, 15, '2025-03-11 08:00:00', '', NULL),
(243, 15, '2025-03-12 08:00:00', '', NULL),
(244, 15, '2025-03-13 08:00:00', '', NULL),
(245, 15, '2025-03-14 08:00:00', '', NULL),
(246, 15, '2025-03-16 08:00:00', '', NULL),
(247, 15, '2025-03-17 08:00:00', '', NULL),
(248, 15, '2025-03-18 08:00:00', '', NULL),
(249, 15, '2025-03-19 08:00:00', '', NULL),
(250, 15, '2025-03-20 08:00:00', '', NULL),
(251, 15, '2025-03-21 08:00:00', '', NULL),
(252, 15, '2025-03-25 08:00:00', '', NULL),
(253, 15, '2025-03-26 08:00:00', '', NULL),
(254, 15, '2025-03-27 08:00:00', '', NULL),
(255, 15, '2025-03-28 08:00:00', '', NULL),
(256, 15, '2025-03-30 08:00:00', '', NULL),
(257, 15, '2025-03-31 08:00:00', '', NULL),
(258, 15, '2025-04-01 08:00:00', '', NULL),
(259, 15, '2025-04-02 08:00:00', '', NULL),
(260, 15, '2025-04-03 08:00:00', '', NULL),
(261, 15, '2025-04-04 08:00:00', '', NULL),
(262, 15, '2025-04-06 08:00:00', '', NULL),
(263, 15, '2025-04-07 08:00:00', '', NULL),
(264, 15, '2025-04-08 08:00:00', '', NULL),
(265, 15, '2025-04-09 08:00:00', '', NULL),
(266, 15, '2025-04-10 08:00:00', '', NULL),
(267, 15, '2025-04-11 08:00:00', '', NULL),
(268, 15, '2025-04-13 08:00:00', '', NULL),
(269, 15, '2025-04-14 08:00:00', '', NULL),
(270, 15, '2025-04-15 08:00:00', '', NULL),
(271, 15, '2025-04-17 08:00:00', '', NULL),
(272, 15, '2025-04-18 08:00:00', '', NULL),
(273, 15, '2025-04-20 08:00:00', '', NULL),
(274, 15, '2025-04-21 08:00:00', '', NULL),
(275, 15, '2025-04-22 08:00:00', '', NULL),
(276, 15, '2025-04-23 08:00:00', '', NULL),
(277, 15, '2025-04-24 08:00:00', '', NULL),
(278, 15, '2025-04-25 08:00:00', '', NULL),
(279, 15, '2025-04-27 08:00:00', '', NULL),
(280, 15, '2025-04-28 08:00:00', '', NULL),
(281, 15, '2025-04-29 08:00:00', '', NULL),
(282, 15, '2025-05-01 08:00:00', '', NULL),
(283, 15, '2025-05-02 08:00:00', '', NULL),
(284, 15, '2025-05-06 08:00:00', '', NULL),
(285, 15, '2025-05-10 08:00:00', '', NULL),
(286, 15, '2025-05-11 08:00:00', '', NULL),
(287, 15, '2025-05-12 08:00:00', '', NULL),
(288, 15, '2025-05-13 08:00:00', '', NULL),
(289, 15, '2025-05-14 08:00:00', '', NULL),
(290, 15, '2025-05-15 08:00:00', '', NULL),
(291, 15, '2025-05-16 08:00:00', '', NULL),
(292, 15, '2025-05-18 08:00:00', '', NULL),
(293, 15, '2025-05-19 08:00:00', '', NULL),
(294, 15, '2025-05-20 08:00:00', '', NULL),
(295, 15, '2025-05-21 08:00:00', '', NULL),
(296, 15, '2025-05-22 08:00:00', '', NULL),
(297, 15, '2025-05-23 08:00:00', '', NULL),
(298, 15, '2025-05-24 08:00:00', '', NULL),
(299, 15, '2025-05-25 08:00:00', '', NULL),
(300, 15, '2025-05-27 08:00:00', '', NULL),
(301, 15, '2025-05-28 08:00:00', '', NULL),
(302, 15, '2025-05-29 08:00:00', '', NULL),
(303, 15, '2025-05-30 08:00:00', '', NULL),
(304, 15, '2025-08-04 08:00:00', '', NULL),
(305, 15, '2025-08-19 08:00:00', '', NULL),
(306, 15, '2025-08-20 08:00:00', '', NULL),
(307, 15, '2025-08-21 08:00:00', '', NULL),
(308, 15, '2025-08-31 08:00:00', '', NULL),
(309, 15, '2025-06-03 08:00:00', '', NULL),
(310, 15, '2025-06-04 08:00:00', '', NULL),
(311, 15, '2025-06-16 08:00:00', '', NULL),
(312, 15, '2025-06-17 08:00:00', '', NULL),
(313, 15, '2025-06-18 08:00:00', '', NULL),
(314, 15, '2025-06-19 08:00:00', '', NULL),
(315, 15, '2025-06-23 08:00:00', '', NULL),
(316, 15, '2025-06-24 08:00:00', '', NULL),
(317, 15, '2025-06-25 08:00:00', '', NULL),
(318, 15, '2025-07-01 08:00:00', '', NULL),
(319, 15, '2025-07-02 08:00:00', '', NULL),
(320, 15, '2025-07-03 08:00:00', '', NULL),
(321, 15, '2025-07-07 08:00:00', '', NULL),
(322, 15, '2025-07-08 08:00:00', '', NULL),
(323, 15, '2025-07-09 08:00:00', '', NULL),
(324, 15, '2025-07-10 08:00:00', '', NULL),
(325, 15, '2025-07-11 08:00:00', '', NULL),
(326, 15, '2025-07-12 08:00:00', '', NULL),
(327, 15, '2025-07-14 08:00:00', '', NULL),
(328, 15, '2025-07-15 08:00:00', '', NULL),
(329, 15, '2025-07-16 08:00:00', '', NULL),
(330, 15, '2025-07-17 08:00:00', '', NULL),
(331, 15, '2025-07-18 08:00:00', '', NULL),
(332, 15, '2025-07-20 08:00:00', '', NULL),
(333, 15, '2025-07-22 08:00:00', '', NULL),
(334, 15, '2025-07-23 08:00:00', '', NULL),
(335, 15, '2025-07-25 08:00:00', '', NULL),
(336, 15, '2025-07-27 08:00:00', '', NULL),
(337, 15, '2025-09-01 08:00:00', '', NULL),
(338, 15, '2025-09-02 08:00:00', '', NULL),
(339, 15, '2025-09-03 08:00:00', '', NULL),
(340, 15, '2025-09-04 08:00:00', '', NULL),
(341, 15, '2025-09-05 08:00:00', '', NULL),
(342, 15, '2025-09-08 08:00:00', '', NULL),
(343, 15, '2025-09-09 08:00:00', '', NULL),
(344, 15, '2025-09-10 08:00:00', '', NULL),
(345, 15, '2025-09-11 08:00:00', '', NULL),
(346, 15, '2025-09-12 08:00:00', '', NULL),
(347, 15, '2025-09-14 08:00:00', '', NULL),
(348, 15, '2025-09-15 08:00:00', '', NULL),
(349, 14, '2025-01-08 08:00:00', '', NULL),
(350, 14, '2025-01-09 08:00:00', '', NULL),
(351, 14, '2025-01-10 08:00:00', '', NULL),
(352, 14, '2025-01-11 08:00:00', '', NULL),
(353, 14, '2025-01-13 08:00:00', '', NULL),
(354, 14, '2025-01-14 08:00:00', '', NULL),
(355, 14, '2025-01-15 08:00:00', '', NULL),
(356, 14, '2025-01-16 08:00:00', '', NULL),
(357, 14, '2025-01-17 08:00:00', '', NULL),
(358, 14, '2025-01-19 08:00:00', '', NULL),
(359, 14, '2025-01-20 08:00:00', '', NULL),
(360, 14, '2025-01-21 08:00:00', '', NULL),
(361, 14, '2025-01-22 08:00:00', '', NULL),
(362, 14, '2025-01-23 08:00:00', '', NULL),
(363, 14, '2025-01-24 08:00:00', '', NULL),
(364, 14, '2025-01-25 08:00:00', '', NULL),
(365, 14, '2025-01-27 08:00:00', '', NULL),
(366, 14, '2025-01-28 08:00:00', '', NULL),
(367, 14, '2025-01-29 08:00:00', '', NULL),
(368, 14, '2025-01-30 08:00:00', '', NULL),
(369, 14, '2025-01-31 08:00:00', '', NULL),
(370, 14, '2025-02-01 08:00:00', '', NULL),
(371, 14, '2025-02-03 08:00:00', '', NULL),
(372, 14, '2025-02-04 08:00:00', '', NULL),
(373, 14, '2025-02-05 08:00:00', '', NULL),
(374, 14, '2025-02-06 08:00:00', '', NULL),
(375, 14, '2025-02-07 08:00:00', '', NULL),
(376, 14, '2025-02-10 08:00:00', '', NULL),
(377, 14, '2025-02-11 08:00:00', '', NULL),
(378, 14, '2025-02-12 08:00:00', '', NULL),
(379, 14, '2025-02-13 08:00:00', '', NULL),
(380, 14, '2025-02-14 08:00:00', '', NULL),
(381, 14, '2025-02-15 08:00:00', '', NULL),
(382, 14, '2025-02-16 08:00:00', '', NULL),
(383, 14, '2025-02-17 08:00:00', '', NULL),
(384, 14, '2025-02-18 08:00:00', '', NULL),
(385, 14, '2025-02-19 08:00:00', '', NULL),
(386, 14, '2025-02-20 08:00:00', '', NULL),
(387, 14, '2025-02-21 08:00:00', '', NULL),
(388, 14, '2025-02-22 08:00:00', '', NULL),
(389, 14, '2025-02-23 08:00:00', '', NULL),
(390, 14, '2025-02-24 08:00:00', '', NULL),
(391, 14, '2025-02-25 08:00:00', '', NULL),
(392, 14, '2025-02-26 08:00:00', '', NULL),
(393, 14, '2025-02-27 08:00:00', '', NULL),
(394, 14, '2025-02-28 08:00:00', '', NULL),
(395, 14, '2025-03-01 08:00:00', '', NULL),
(396, 14, '2025-03-03 08:00:00', '', NULL),
(397, 14, '2025-03-04 08:00:00', '', NULL),
(398, 14, '2025-03-05 08:00:00', '', NULL),
(399, 14, '2025-03-06 08:00:00', '', NULL),
(400, 14, '2025-03-07 08:00:00', '', NULL),
(401, 14, '2025-03-08 08:00:00', '', NULL),
(402, 14, '2025-03-10 08:00:00', '', NULL),
(403, 14, '2025-03-11 08:00:00', '', NULL),
(404, 14, '2025-03-12 08:00:00', '', NULL),
(405, 14, '2025-03-13 08:00:00', '', NULL),
(406, 14, '2025-03-14 08:00:00', '', NULL),
(407, 14, '2025-03-17 08:00:00', '', NULL),
(408, 14, '2025-03-18 08:00:00', '', NULL),
(409, 14, '2025-03-19 08:00:00', '', NULL),
(410, 14, '2025-03-20 08:00:00', '', NULL),
(411, 14, '2025-03-21 08:00:00', '', NULL),
(412, 14, '2025-03-22 08:00:00', '', NULL),
(413, 14, '2025-03-24 08:00:00', '', NULL),
(414, 14, '2025-03-25 08:00:00', '', NULL),
(415, 14, '2025-03-26 08:00:00', '', NULL),
(416, 14, '2025-03-27 08:00:00', '', NULL),
(417, 14, '2025-03-28 08:00:00', '', NULL),
(418, 14, '2025-03-29 08:00:00', '', NULL),
(419, 14, '2025-03-30 08:00:00', '', NULL),
(420, 14, '2025-03-31 08:00:00', '', NULL),
(421, 14, '2025-04-01 08:00:00', '', NULL),
(422, 14, '2025-04-02 08:00:00', '', NULL),
(423, 14, '2025-04-03 08:00:00', '', NULL),
(424, 14, '2025-04-04 08:00:00', '', NULL),
(425, 14, '2025-04-05 08:00:00', '', NULL),
(426, 14, '2025-04-06 08:00:00', '', NULL),
(427, 14, '2025-04-07 08:00:00', '', NULL),
(428, 14, '2025-04-08 08:00:00', '', NULL),
(429, 14, '2025-04-09 08:00:00', '', NULL),
(430, 14, '2025-04-10 08:00:00', '', NULL),
(431, 14, '2025-04-11 08:00:00', '', NULL),
(432, 14, '2025-04-12 08:00:00', '', NULL),
(433, 14, '2025-04-13 08:00:00', '', NULL),
(434, 14, '2025-04-14 08:00:00', '', NULL),
(435, 14, '2025-04-15 08:00:00', '', NULL),
(436, 14, '2025-04-16 08:00:00', '', NULL),
(437, 14, '2025-04-17 08:00:00', '', NULL),
(438, 14, '2025-04-18 08:00:00', '', NULL),
(439, 14, '2025-04-19 08:00:00', '', NULL),
(440, 14, '2025-04-20 08:00:00', '', NULL),
(441, 14, '2025-04-21 08:00:00', '', NULL),
(442, 14, '2025-04-22 08:00:00', '', NULL),
(443, 14, '2025-04-23 08:00:00', '', NULL),
(444, 14, '2025-04-24 08:00:00', '', NULL),
(445, 14, '2025-04-26 08:00:00', '', NULL),
(446, 14, '2025-04-27 08:00:00', '', NULL),
(447, 14, '2025-04-28 08:00:00', '', NULL),
(448, 14, '2025-04-29 08:00:00', '', NULL),
(449, 14, '2025-04-30 08:00:00', '', NULL),
(450, 14, '2025-05-05 08:00:00', '', NULL),
(451, 14, '2025-05-06 08:00:00', '', NULL),
(452, 14, '2025-05-07 08:00:00', '', NULL),
(453, 14, '2025-05-08 08:00:00', '', NULL),
(454, 14, '2025-05-09 08:00:00', '', NULL),
(455, 14, '2025-05-11 08:00:00', '', NULL),
(456, 14, '2025-05-12 08:00:00', '', NULL),
(457, 14, '2025-05-13 08:00:00', '', NULL),
(458, 14, '2025-05-14 08:00:00', '', NULL),
(459, 14, '2025-05-15 08:00:00', '', NULL),
(460, 14, '2025-05-16 08:00:00', '', NULL),
(461, 14, '2025-05-17 08:00:00', '', NULL),
(462, 14, '2025-05-18 08:00:00', '', NULL),
(463, 14, '2025-05-19 08:00:00', '', NULL),
(464, 14, '2025-05-20 08:00:00', '', NULL),
(465, 14, '2025-05-21 08:00:00', '', NULL),
(466, 14, '2025-05-22 08:00:00', '', NULL),
(467, 14, '2025-05-23 08:00:00', '', NULL),
(468, 14, '2025-05-24 08:00:00', '', NULL),
(469, 14, '2025-05-25 08:00:00', '', NULL),
(470, 14, '2025-05-26 08:00:00', '', NULL),
(471, 14, '2025-05-27 08:00:00', '', NULL),
(472, 14, '2025-05-28 08:00:00', '', NULL),
(473, 14, '2025-05-29 08:00:00', '', NULL),
(474, 14, '2025-05-30 08:00:00', '', NULL),
(475, 14, '2025-06-03 08:00:00', '', NULL),
(476, 14, '2025-06-04 08:00:00', '', NULL),
(477, 14, '2025-06-05 08:00:00', '', NULL),
(478, 14, '2025-06-14 08:00:00', '', NULL),
(479, 14, '2025-06-16 08:00:00', '', NULL),
(480, 14, '2025-06-17 08:00:00', '', NULL),
(481, 14, '2025-06-18 08:00:00', '', NULL),
(482, 14, '2025-06-19 08:00:00', '', NULL),
(483, 14, '2025-06-20 08:00:00', '', NULL),
(484, 14, '2025-06-21 08:00:00', '', NULL),
(485, 14, '2025-06-22 08:00:00', '', NULL),
(486, 14, '2025-06-25 08:00:00', '', NULL),
(487, 14, '2025-06-26 08:00:00', '', NULL),
(488, 14, '2025-06-27 08:00:00', '', NULL),
(489, 14, '2025-06-28 08:00:00', '', NULL),
(490, 14, '2025-06-30 08:00:00', '', NULL),
(491, 14, '2025-07-01 08:00:00', '', NULL),
(492, 14, '2025-07-02 08:00:00', '', NULL),
(493, 14, '2025-07-03 08:00:00', '', NULL),
(494, 14, '2025-07-04 08:00:00', '', NULL),
(495, 14, '2025-07-05 08:00:00', '', NULL),
(496, 14, '2025-07-06 08:00:00', '', NULL),
(497, 14, '2025-07-07 08:00:00', '', NULL),
(498, 14, '2025-07-08 08:00:00', '', NULL),
(499, 14, '2025-07-09 08:00:00', '', NULL),
(500, 14, '2025-07-10 08:00:00', '', NULL),
(501, 14, '2025-07-11 08:00:00', '', NULL),
(502, 14, '2025-07-12 08:00:00', '', NULL),
(503, 14, '2025-07-14 08:00:00', '', NULL),
(504, 14, '2025-07-15 08:00:00', '', NULL),
(505, 14, '2025-07-16 08:00:00', '', NULL),
(506, 14, '2025-07-21 08:00:00', '', NULL),
(507, 14, '2025-07-22 08:00:00', '', NULL),
(508, 14, '2025-07-23 08:00:00', '', NULL),
(509, 14, '2025-07-24 08:00:00', '', NULL),
(510, 14, '2025-07-25 08:00:00', '', NULL),
(511, 14, '2025-07-27 08:00:00', '', NULL),
(512, 14, '2025-07-29 08:00:00', '', NULL),
(513, 14, '2025-07-30 08:00:00', '', NULL),
(514, 14, '2025-07-31 08:00:00', '', NULL),
(515, 14, '2025-08-04 08:00:00', '', NULL),
(516, 14, '2025-08-05 08:00:00', '', NULL),
(517, 14, '2025-08-18 08:00:00', '', NULL),
(518, 14, '2025-08-19 08:00:00', '', NULL),
(519, 14, '2025-08-20 08:00:00', '', NULL),
(520, 14, '2025-08-21 08:00:00', '', NULL),
(521, 14, '2025-08-22 08:00:00', '', NULL),
(522, 14, '2025-08-24 08:00:00', '', NULL),
(523, 14, '2025-08-25 08:00:00', '', NULL),
(524, 14, '2025-08-26 08:00:00', '', NULL),
(525, 14, '2025-08-30 08:00:00', '', NULL),
(526, 14, '2025-08-31 08:00:00', '', NULL),
(527, 14, '2025-09-01 08:00:00', '', NULL),
(528, 14, '2025-09-02 08:00:00', '', NULL),
(529, 14, '2025-09-03 08:00:00', '', NULL),
(530, 14, '2025-09-04 08:00:00', '', NULL),
(531, 14, '2025-09-05 08:00:00', '', NULL),
(532, 14, '2025-09-07 08:00:00', '', NULL),
(533, 14, '2025-09-08 08:00:00', '', NULL),
(534, 14, '2025-09-09 08:00:00', '', NULL),
(535, 14, '2025-09-10 08:00:00', '', NULL),
(536, 14, '2025-09-11 08:00:00', '', NULL),
(537, 14, '2025-09-12 08:00:00', '', NULL),
(538, 14, '2025-09-15 08:00:00', '', NULL),
(539, 14, '2025-09-16 08:00:00', '', NULL),
(540, 14, '2025-09-17 08:00:00', '', NULL),
(541, 14, '2025-09-18 08:00:00', '', NULL),
(542, 14, '2025-09-19 08:00:00', '', NULL),
(543, 14, '2025-09-21 08:00:00', '', NULL),
(544, 14, '2025-09-22 08:00:00', '', NULL),
(545, 14, '2025-09-23 08:00:00', '', NULL),
(546, 14, '2025-09-24 08:00:00', '', NULL),
(547, 14, '2025-09-25 08:00:00', '', NULL),
(548, 14, '2025-09-26 08:00:00', '', NULL),
(552, 20, '2025-09-27 13:42:00', 'manual', NULL),
(553, 14, '2025-09-27 16:26:10', 'manual', NULL),
(554, 27, '2025-09-27 16:30:29', 'manual', NULL),
(555, 30, '2025-09-27 16:34:02', 'manual', NULL),
(556, 28, '2025-09-27 16:34:04', 'manual', NULL),
(557, 29, '2025-09-27 16:34:05', 'manual', NULL),
(558, 31, '2025-09-27 16:41:58', 'manual', NULL),
(559, 15, '2025-09-27 17:56:11', 'manual', NULL),
(560, 32, '2025-09-27 18:53:39', 'manual', NULL),
(561, 34, '2025-09-27 20:01:59', 'manual', NULL),
(562, 16, '2025-09-27 20:21:54', 'manual', NULL),
(563, 33, '2025-09-27 20:23:39', 'manual', NULL),
(564, 20, '2025-09-28 06:24:28', 'manual', NULL),
(565, 15, '2025-09-28 08:04:12', 'manual', NULL),
(566, 35, '2025-09-28 08:11:30', 'manual', NULL),
(567, 32, '2025-09-28 09:29:04', 'manual', NULL),
(568, 14, '2025-09-28 11:24:57', 'manual', NULL),
(569, 36, '2025-09-28 12:29:34', 'manual', NULL),
(570, 33, '2025-09-28 17:22:07', 'manual', NULL),
(571, 16, '2025-09-28 17:22:53', 'manual', NULL),
(573, 20, '2025-09-29 05:14:36', 'manual', NULL),
(574, 14, '2025-09-29 05:48:33', 'manual', NULL),
(575, 35, '2025-09-29 07:08:04', 'manual', NULL),
(576, 33, '2025-09-29 15:06:26', 'manual', NULL),
(577, 15, '2025-09-29 16:07:44', 'manual', NULL),
(578, 32, '2025-09-29 17:41:29', 'manual', NULL),
(580, 16, '2025-09-29 19:24:13', 'manual', NULL),
(581, 20, '2025-09-30 03:54:55', 'manual', NULL),
(582, 14, '2025-09-30 05:03:02', 'manual', NULL),
(583, 35, '2025-09-30 07:42:30', 'manual', NULL),
(584, 15, '2025-09-30 16:04:35', 'manual', NULL),
(585, 32, '2025-09-30 18:58:39', 'manual', NULL),
(586, 16, '2025-09-30 19:19:36', 'manual', NULL),
(588, 33, '2025-09-30 19:25:47', 'manual', NULL),
(589, 20, '2025-10-01 07:06:44', 'manual', NULL),
(590, 14, '2025-10-01 07:06:45', 'manual', NULL),
(591, 35, '2025-10-01 07:06:49', 'manual', NULL),
(592, 15, '2025-10-01 15:56:00', 'manual', NULL),
(593, 32, '2025-10-01 18:34:00', 'manual', NULL),
(594, 16, '2025-10-01 19:34:43', 'manual', NULL),
(596, 33, '2025-10-01 21:04:42', 'manual', NULL),
(597, 20, '2025-10-02 04:56:01', 'manual', NULL),
(598, 14, '2025-10-02 04:56:02', 'manual', NULL),
(599, 35, '2025-10-02 07:12:51', 'manual', NULL),
(600, 15, '2025-10-02 16:43:38', 'manual', NULL),
(601, 16, '2025-10-02 17:54:05', 'manual', NULL),
(602, 32, '2025-10-02 21:15:11', 'manual', NULL),
(603, 33, '2025-10-02 21:15:14', 'manual', NULL),
(604, 20, '2025-10-03 04:50:46', 'manual', NULL),
(605, 14, '2025-10-03 04:50:48', 'manual', NULL),
(606, 35, '2025-10-03 07:46:11', 'manual', NULL),
(607, 15, '2025-10-03 16:21:03', 'manual', NULL),
(608, 32, '2025-10-03 18:01:56', 'manual', NULL),
(609, 16, '2025-10-03 19:12:07', 'manual', NULL),
(611, 36, '2025-10-04 07:46:06', 'manual', NULL),
(612, 14, '2025-10-04 07:46:32', 'manual', NULL),
(613, 16, '2025-10-04 08:34:35', 'manual', NULL),
(614, 20, '2025-10-04 08:34:36', 'manual', NULL),
(615, 35, '2025-10-04 08:37:28', 'manual', NULL),
(616, 33, '2025-10-04 08:38:58', 'manual', NULL),
(617, 15, '2025-10-04 18:17:01', 'manual', NULL),
(618, 32, '2025-10-04 21:37:27', 'manual', NULL),
(619, 35, '2025-10-05 11:42:59', 'manual', NULL),
(620, 20, '2025-10-05 13:23:06', 'manual', NULL),
(621, 14, '2025-10-05 13:23:08', 'manual', NULL),
(622, 36, '2025-10-05 13:23:27', 'manual', NULL),
(623, 32, '2025-10-05 15:05:25', 'manual', NULL),
(624, 15, '2025-10-05 16:15:33', 'manual', NULL),
(625, 16, '2025-10-05 16:15:35', 'manual', NULL),
(626, 33, '2025-10-05 16:19:20', 'manual', NULL),
(627, 20, '2025-10-06 04:33:19', 'manual', NULL),
(628, 14, '2025-10-06 06:46:30', 'manual', NULL),
(629, 35, '2025-10-06 10:20:14', 'manual', NULL),
(630, 32, '2025-10-06 18:20:34', 'manual', NULL),
(631, 16, '2025-10-06 19:19:26', 'manual', NULL),
(633, 20, '2025-10-07 08:35:36', 'manual', NULL),
(634, 14, '2025-10-07 08:35:37', 'manual', NULL),
(635, 35, '2025-10-07 08:38:37', 'manual', NULL),
(636, 15, '2025-10-07 15:54:08', 'manual', NULL),
(637, 16, '2025-10-07 18:15:03', 'manual', NULL),
(639, 32, '2025-10-07 18:38:01', 'manual', NULL),
(640, 33, '2025-10-07 19:51:31', 'manual', NULL),
(641, 20, '2025-10-08 06:36:47', 'manual', NULL),
(642, 14, '2025-10-08 06:36:48', 'manual', NULL),
(643, 32, '2025-10-08 14:40:11', 'manual', NULL),
(644, 35, '2025-10-08 14:53:26', 'manual', NULL),
(645, 15, '2025-10-08 18:32:53', 'manual', NULL),
(646, 33, '2025-10-08 18:44:16', 'manual', NULL),
(647, 16, '2025-10-08 21:00:50', 'manual', NULL),
(649, 14, '2025-10-09 05:03:54', 'manual', NULL),
(650, 20, '2025-10-09 08:26:57', 'manual', NULL),
(651, 35, '2025-10-09 11:26:39', 'manual', NULL),
(652, 33, '2025-10-09 17:58:03', 'manual', NULL),
(653, 15, '2025-10-09 18:02:20', 'manual', NULL),
(654, 16, '2025-10-09 18:22:25', 'manual', NULL),
(656, 20, '2025-10-10 06:59:47', 'manual', NULL),
(657, 14, '2025-10-10 06:59:48', 'manual', NULL),
(658, 35, '2025-10-10 16:42:13', 'manual', NULL),
(659, 33, '2025-10-10 21:42:53', 'manual', NULL),
(661, 35, '2025-10-11 07:40:22', 'manual', NULL),
(662, 16, '2025-10-11 07:40:25', 'manual', NULL),
(663, 33, '2025-10-11 09:26:00', 'manual', NULL),
(664, 20, '2025-10-11 12:20:20', 'manual', NULL),
(665, 15, '2025-10-11 12:20:25', 'manual', NULL),
(666, 32, '2025-10-11 12:33:28', 'manual', NULL),
(667, 14, '2025-10-11 14:52:07', 'manual', NULL),
(668, 41, '2025-10-11 18:10:37', 'manual', NULL),
(669, 44, '2025-10-11 18:10:42', 'manual', NULL),
(670, 43, '2025-10-11 18:10:46', 'manual', NULL),
(671, 42, '2025-10-11 18:10:49', 'manual', NULL),
(672, 36, '2025-10-11 18:22:38', 'manual', NULL),
(673, 45, '2025-10-11 19:07:09', 'manual', NULL),
(674, 46, '2025-10-11 19:07:14', 'manual', NULL),
(675, 14, '2025-10-12 08:12:21', 'manual', NULL),
(676, 35, '2025-10-12 08:12:40', 'manual', NULL),
(677, 16, '2025-10-12 09:10:47', 'manual', NULL),
(678, 20, '2025-10-12 09:10:50', 'manual', NULL),
(679, 32, '2025-10-12 19:11:33', 'manual', NULL),
(680, 36, '2025-10-12 19:11:36', 'manual', NULL),
(681, 33, '2025-10-12 19:11:43', 'manual', NULL),
(682, 20, '2025-10-14 11:59:51', 'manual', NULL),
(683, 14, '2025-10-14 11:59:55', 'manual', NULL),
(684, 35, '2025-10-14 12:08:46', 'manual', NULL),
(685, 15, '2025-10-14 16:22:51', 'manual', NULL),
(686, 33, '2025-10-14 17:19:50', 'manual', NULL),
(687, 16, '2025-10-14 18:12:17', 'manual', NULL),
(689, 14, '2025-10-15 13:35:15', 'manual', NULL),
(690, 35, '2025-10-15 13:35:16', 'manual', NULL),
(691, 15, '2025-10-15 17:39:30', 'manual', NULL),
(692, 20, '2025-10-15 17:39:35', 'manual', NULL),
(693, 33, '2025-10-15 19:38:57', 'manual', NULL),
(694, 16, '2025-10-15 20:51:42', 'manual', NULL),
(696, 20, '2025-10-16 05:07:35', 'manual', NULL),
(697, 14, '2025-10-16 05:07:37', 'manual', NULL),
(698, 35, '2025-10-16 15:36:23', 'manual', NULL),
(699, 15, '2025-10-16 15:36:32', 'manual', NULL),
(700, 16, '2025-10-16 16:10:41', 'manual', NULL),
(701, 33, '2025-10-16 20:31:16', 'manual', NULL),
(702, 14, '2025-10-17 07:07:27', 'manual', NULL),
(703, 35, '2025-10-17 16:57:44', 'manual', NULL),
(705, 20, '2025-10-17 20:36:25', 'manual', NULL),
(706, 33, '2025-10-18 14:15:39', 'manual', NULL),
(707, 20, '2025-10-18 15:25:04', 'manual', NULL),
(708, 14, '2025-10-18 15:25:05', 'manual', NULL),
(709, 35, '2025-10-18 15:25:06', 'manual', NULL),
(710, 36, '2025-10-18 15:25:18', 'manual', NULL),
(711, 32, '2025-10-18 21:59:52', 'manual', NULL),
(712, 15, '2025-10-18 21:59:57', 'manual', NULL),
(713, 14, '2025-10-20 11:54:18', 'manual', NULL),
(714, 35, '2025-10-20 16:19:32', 'manual', NULL),
(715, 15, '2025-10-20 16:19:33', 'manual', NULL),
(716, 16, '2025-10-20 16:19:34', 'manual', NULL),
(717, 20, '2025-10-20 16:19:37', 'manual', NULL),
(719, 33, '2025-10-20 21:08:14', 'manual', NULL),
(720, 14, '2025-10-21 17:24:31', 'manual', NULL),
(721, 16, '2025-10-21 18:09:21', 'manual', NULL),
(722, 20, '2025-10-21 20:29:06', 'manual', NULL),
(723, 33, '2025-10-22 19:43:25', 'manual', NULL),
(724, 35, '2025-10-22 20:14:25', 'manual', NULL),
(725, 16, '2025-10-22 20:14:27', 'manual', NULL),
(726, 20, '2025-10-22 20:21:40', 'manual', NULL),
(727, 14, '2025-10-22 20:25:07', 'manual', NULL),
(728, 14, '2025-10-27 05:05:46', 'manual', NULL),
(729, 20, '2025-10-27 19:40:20', 'manual', NULL),
(730, 35, '2025-10-27 19:40:21', 'manual', NULL),
(731, 14, '2025-10-28 15:40:15', 'manual', NULL),
(732, 20, '2025-10-28 15:50:17', 'manual', NULL),
(733, 35, '2025-10-28 15:50:18', 'manual', NULL),
(734, 32, '2025-10-28 19:21:28', 'manual', NULL),
(735, 35, '2025-10-29 17:27:22', 'manual', NULL),
(736, 20, '2025-10-29 18:01:06', 'manual', NULL),
(737, 14, '2025-10-29 19:53:28', 'manual', NULL),
(738, 20, '2025-10-31 20:07:19', 'manual', NULL),
(739, 35, '2025-10-31 20:07:21', 'manual', NULL),
(740, 15, '2025-10-31 20:07:23', 'manual', NULL),
(741, 32, '2025-11-02 18:15:48', 'manual', NULL),
(742, 20, '2025-11-03 12:04:59', 'manual', NULL),
(743, 35, '2025-11-03 12:05:00', 'manual', NULL),
(744, 15, '2025-11-03 12:05:01', 'manual', NULL),
(745, 32, '2025-11-03 15:03:26', 'manual', NULL),
(746, 14, '2025-11-03 19:22:55', 'manual', NULL),
(747, 16, '2025-11-03 19:23:02', 'manual', NULL),
(748, 14, '2025-11-04 04:03:01', 'manual', NULL),
(749, 20, '2025-11-04 10:38:01', 'manual', NULL),
(750, 35, '2025-11-04 10:38:19', 'manual', NULL),
(751, 15, '2025-11-04 17:59:14', 'manual', NULL),
(752, 16, '2025-11-04 17:59:15', 'manual', NULL),
(754, 32, '2025-11-05 17:00:30', 'manual', NULL),
(755, 14, '2025-11-05 19:25:22', 'manual', NULL),
(756, 20, '2025-11-05 19:25:23', 'manual', NULL),
(757, 35, '2025-11-05 19:25:24', 'manual', NULL),
(758, 15, '2025-11-05 19:25:26', 'manual', NULL),
(760, 16, '2025-11-05 19:46:21', 'manual', NULL),
(761, 14, '2025-11-06 16:56:51', 'manual', NULL),
(762, 20, '2025-11-06 16:56:51', 'manual', NULL),
(763, 35, '2025-11-06 16:56:52', 'manual', NULL),
(765, 20, '2025-11-07 14:59:46', 'manual', NULL),
(766, 35, '2025-11-07 14:59:48', 'manual', NULL),
(767, 15, '2025-11-07 14:59:49', 'manual', NULL),
(768, 32, '2025-11-07 15:00:36', 'manual', NULL),
(769, 14, '2025-11-07 15:40:40', 'manual', NULL),
(770, 20, '2025-11-08 09:03:53', 'manual', NULL),
(771, 35, '2025-11-08 09:03:55', 'manual', NULL),
(772, 16, '2025-11-08 09:03:57', 'manual', NULL),
(773, 14, '2025-11-08 18:13:58', 'manual', NULL),
(774, 15, '2025-11-08 20:30:19', 'manual', NULL),
(775, 20, '2025-11-09 18:33:47', 'manual', NULL),
(776, 35, '2025-11-09 18:33:48', 'manual', NULL),
(777, 14, '2025-11-10 17:54:46', 'manual', NULL),
(778, 20, '2025-11-10 17:54:47', 'manual', NULL),
(779, 35, '2025-11-10 17:54:48', 'manual', NULL),
(780, 15, '2025-11-10 17:54:49', 'manual', NULL),
(781, 16, '2025-11-10 17:54:54', 'manual', NULL),
(783, 33, '2025-11-10 18:25:38', 'manual', NULL),
(784, 35, '2025-11-11 08:57:04', 'manual', NULL),
(785, 20, '2025-11-11 16:08:12', 'manual', NULL),
(786, 14, '2025-11-11 16:08:13', 'manual', NULL),
(787, 15, '2025-11-11 16:08:16', 'manual', NULL),
(789, 16, '2025-11-11 19:01:23', 'manual', NULL),
(790, 35, '2025-11-12 07:55:16', 'manual', NULL),
(791, 15, '2025-11-12 15:39:21', 'manual', NULL),
(792, 20, '2025-11-12 15:39:26', 'manual', NULL),
(793, 14, '2025-11-12 15:39:30', 'manual', NULL),
(794, 20, '2025-11-13 14:27:16', 'manual', NULL),
(795, 35, '2025-11-13 14:27:17', 'manual', NULL),
(796, 15, '2025-11-13 14:27:43', 'manual', NULL),
(797, 14, '2025-11-14 16:55:30', 'manual', NULL),
(798, 20, '2025-11-14 16:55:31', 'manual', NULL),
(799, 35, '2025-11-14 16:55:32', 'manual', NULL),
(800, 16, '2025-11-14 18:04:51', 'manual', NULL),
(801, 20, '2025-11-15 11:23:34', 'manual', NULL),
(802, 35, '2025-11-15 11:23:35', 'manual', NULL),
(803, 15, '2025-11-15 11:23:36', 'manual', NULL),
(804, 20, '2025-11-16 20:23:09', 'manual', NULL),
(805, 20, '2025-11-17 19:57:17', 'manual', NULL),
(806, 14, '2025-11-18 15:02:58', 'manual', NULL),
(807, 20, '2025-11-18 15:02:59', 'manual', NULL),
(808, 35, '2025-11-18 15:03:00', 'manual', NULL),
(809, 15, '2025-11-18 15:03:01', 'manual', NULL),
(810, 16, '2025-11-18 21:25:54', 'manual', NULL),
(812, 35, '2025-11-19 06:16:05', 'manual', NULL),
(813, 16, '2025-11-19 19:09:18', 'manual', NULL),
(814, 14, '2025-11-19 19:09:21', 'manual', NULL),
(815, 20, '2025-11-19 19:09:22', 'manual', NULL),
(816, 15, '2025-11-19 19:09:26', 'manual', NULL),
(818, 20, '2025-12-01 03:48:05', 'manual', NULL),
(819, 20, '2026-01-02 09:13:42', 'manual', NULL),
(820, 35, '2026-01-02 12:31:58', 'manual', NULL),
(821, 15, '2026-01-02 12:32:14', 'manual', NULL),
(822, 14, '2026-01-02 18:30:24', 'manual', NULL),
(823, 32, '2026-01-02 18:30:38', 'manual', NULL),
(824, 16, '2026-01-02 18:31:05', 'manual', NULL),
(825, 20, '2026-01-03 15:37:34', 'manual', NULL),
(826, 35, '2026-01-03 15:37:35', 'manual', NULL),
(827, 15, '2026-01-03 15:37:37', 'manual', NULL),
(828, 14, '2026-01-03 20:50:21', 'manual', NULL),
(829, 14, '2026-01-04 19:10:28', 'manual', NULL),
(830, 20, '2026-01-04 19:10:29', 'manual', NULL),
(831, 35, '2026-01-04 19:10:31', 'manual', NULL),
(832, 15, '2026-01-04 19:10:32', 'manual', NULL),
(833, 14, '2026-01-05 04:37:34', 'manual', NULL),
(834, 20, '2026-01-05 18:06:21', 'manual', NULL),
(835, 35, '2026-01-05 18:06:22', 'manual', NULL),
(836, 15, '2026-01-05 18:06:23', 'manual', NULL),
(837, 16, '2026-01-05 19:45:12', 'manual', NULL),
(838, 14, '2026-01-06 14:40:57', 'manual', NULL),
(839, 20, '2026-01-06 14:40:58', 'manual', NULL),
(840, 35, '2026-01-06 14:40:59', 'manual', NULL),
(841, 14, '2026-01-07 04:03:58', 'manual', NULL),
(842, 20, '2026-01-07 15:57:02', 'manual', NULL),
(843, 35, '2026-01-07 15:57:03', 'manual', NULL),
(844, 16, '2026-01-07 19:21:54', 'manual', NULL),
(845, 15, '2026-01-07 19:21:55', 'manual', NULL),
(846, 14, '2026-01-08 19:25:33', 'manual', NULL),
(847, 20, '2026-01-08 19:25:33', 'manual', NULL),
(848, 35, '2026-01-08 19:25:34', 'manual', NULL),
(849, 16, '2026-01-08 19:25:36', 'manual', NULL),
(850, 14, '2026-01-09 19:58:12', 'manual', NULL),
(851, 20, '2026-01-09 19:58:13', 'manual', NULL),
(852, 35, '2026-01-09 19:58:14', 'manual', NULL),
(853, 32, '2026-01-10 14:58:00', 'manual', NULL),
(854, 48, '2026-01-10 14:58:41', 'manual', NULL),
(855, 20, '2026-01-10 21:42:16', 'manual', NULL),
(856, 35, '2026-01-10 21:42:30', 'manual', NULL),
(857, 14, '2026-01-10 21:42:30', 'manual', NULL),
(858, 15, '2026-01-10 21:42:34', 'manual', NULL),
(859, 20, '2026-01-11 19:13:52', 'manual', NULL),
(860, 35, '2026-01-11 19:13:53', 'manual', NULL),
(861, 15, '2026-01-11 19:13:54', 'manual', NULL),
(862, 16, '2026-01-11 19:13:56', 'manual', NULL),
(863, 14, '2026-01-11 19:14:00', 'manual', NULL),
(864, 14, '2026-01-12 07:36:45', 'manual', NULL),
(865, 35, '2026-01-12 07:36:48', 'manual', NULL),
(866, 20, '2026-01-12 19:28:02', 'manual', NULL),
(867, 15, '2026-01-12 19:28:03', 'manual', NULL),
(868, 16, '2026-01-12 20:44:57', 'manual', NULL),
(869, 20, '2026-01-13 20:51:52', 'manual', NULL),
(870, 35, '2026-01-13 20:51:53', 'manual', NULL),
(871, 14, '2026-01-14 18:11:22', 'manual', NULL),
(872, 20, '2026-01-14 18:11:23', 'manual', NULL),
(873, 35, '2026-01-14 18:11:23', 'manual', NULL),
(874, 15, '2026-01-14 18:11:24', 'manual', NULL),
(875, 14, '2026-01-15 19:04:23', 'manual', NULL),
(876, 20, '2026-01-15 19:04:25', 'manual', NULL),
(877, 35, '2026-01-15 19:04:26', 'manual', NULL),
(878, 15, '2026-01-15 19:04:27', 'manual', NULL),
(879, 20, '2026-01-17 17:29:34', 'manual', NULL),
(880, 35, '2026-01-17 17:29:35', 'manual', NULL),
(881, 15, '2026-01-17 17:29:37', 'manual', NULL),
(882, 20, '2026-01-18 15:08:56', 'manual', NULL),
(883, 35, '2026-01-18 15:08:57', 'manual', NULL),
(884, 15, '2026-01-18 15:09:10', 'manual', NULL),
(885, 16, '2026-01-18 15:09:11', 'manual', NULL),
(886, 14, '2026-01-18 19:19:31', 'manual', NULL),
(887, 14, '2026-01-19 18:23:52', 'manual', NULL),
(888, 20, '2026-01-19 18:23:53', 'manual', NULL),
(889, 35, '2026-01-19 18:23:54', 'manual', NULL),
(890, 15, '2026-01-19 18:23:55', 'manual', NULL),
(891, 16, '2026-01-19 19:51:45', 'manual', NULL),
(892, 14, '2026-01-20 19:46:45', 'manual', NULL),
(893, 20, '2026-01-20 19:46:47', 'manual', NULL),
(894, 35, '2026-01-20 19:46:48', 'manual', NULL),
(895, 15, '2026-01-20 19:46:49', 'manual', NULL),
(896, 16, '2026-01-20 20:15:20', 'manual', NULL),
(897, 14, '2026-01-21 16:10:39', 'manual', NULL),
(898, 35, '2026-01-21 16:10:43', 'manual', NULL),
(899, 15, '2026-01-21 16:10:44', 'manual', NULL),
(900, 16, '2026-01-21 18:33:20', 'manual', NULL),
(901, 20, '2026-01-21 19:09:25', 'manual', NULL),
(902, 20, '2026-01-22 18:18:44', 'manual', NULL),
(903, 35, '2026-01-22 18:18:45', 'manual', NULL),
(904, 15, '2026-01-22 18:18:46', 'manual', NULL),
(905, 20, '2026-01-23 14:53:57', 'manual', NULL),
(906, 35, '2026-01-23 14:53:58', 'manual', NULL),
(907, 14, '2026-01-23 20:30:27', 'manual', NULL),
(908, 16, '2026-01-23 20:30:33', 'manual', NULL),
(909, 20, '2026-01-24 18:00:23', 'manual', NULL),
(910, 35, '2026-01-24 18:00:24', 'manual', NULL),
(911, 15, '2026-01-24 18:00:26', 'manual', NULL),
(912, 14, '2026-01-24 19:13:55', 'manual', NULL),
(913, 14, '2026-01-25 19:44:53', 'manual', NULL),
(914, 20, '2026-01-25 19:44:54', 'manual', NULL),
(915, 35, '2026-01-25 19:44:55', 'manual', NULL),
(916, 15, '2026-01-25 19:44:56', 'manual', NULL),
(917, 14, '2026-01-26 20:20:56', 'manual', NULL),
(918, 20, '2026-01-26 20:20:57', 'manual', NULL),
(919, 35, '2026-01-26 20:20:58', 'manual', NULL),
(920, 15, '2026-01-26 20:20:59', 'manual', NULL),
(921, 16, '2026-01-26 20:21:00', 'manual', NULL),
(922, 20, '2026-01-27 20:11:28', 'manual', NULL),
(923, 35, '2026-01-27 20:11:29', 'manual', NULL),
(924, 16, '2026-01-27 20:11:31', 'manual', NULL),
(925, 20, '2026-01-28 20:21:23', 'manual', NULL),
(926, 35, '2026-01-28 20:21:24', 'manual', NULL),
(927, 20, '2026-01-29 19:37:36', 'manual', NULL),
(928, 35, '2026-01-29 19:37:37', 'manual', NULL),
(929, 15, '2026-01-29 19:37:38', 'manual', NULL),
(930, 15, '2026-01-30 16:49:09', 'manual', NULL),
(931, 20, '2026-01-30 16:49:22', 'manual', NULL),
(932, 35, '2026-01-30 21:18:01', 'manual', NULL),
(933, 20, '2026-01-31 19:04:09', 'manual', NULL),
(934, 35, '2026-01-31 19:04:10', 'manual', NULL),
(935, 20, '2026-02-01 20:14:17', 'manual', NULL),
(936, 35, '2026-02-01 20:14:18', 'manual', NULL),
(937, 14, '2026-02-02 19:28:26', 'manual', NULL),
(938, 20, '2026-02-02 19:28:27', 'manual', NULL),
(939, 35, '2026-02-02 19:28:28', 'manual', NULL),
(940, 14, '2026-02-03 19:10:55', 'manual', NULL),
(941, 20, '2026-02-03 19:10:56', 'manual', NULL),
(942, 35, '2026-02-03 19:10:57', 'manual', NULL),
(943, 14, '2026-02-04 03:48:54', 'manual', NULL),
(944, 20, '2026-02-04 19:53:48', 'manual', NULL),
(945, 35, '2026-02-04 19:53:49', 'manual', NULL),
(946, 15, '2026-02-04 19:53:51', 'manual', NULL),
(947, 32, '2026-02-05 17:33:59', 'manual', NULL),
(948, 33, '2026-02-05 17:34:00', 'manual', NULL),
(949, 14, '2026-02-05 19:26:17', 'manual', NULL),
(950, 20, '2026-02-05 19:26:18', 'manual', NULL),
(951, 35, '2026-02-05 19:26:18', 'manual', NULL),
(952, 15, '2026-02-05 19:26:19', 'manual', NULL),
(953, 20, '2026-02-06 19:22:34', 'manual', NULL),
(954, 35, '2026-02-06 19:22:35', 'manual', NULL),
(955, 14, '2026-02-07 19:22:55', 'manual', NULL),
(956, 20, '2026-02-07 19:22:56', 'manual', NULL),
(957, 35, '2026-02-07 19:22:57', 'manual', NULL),
(958, 16, '2026-02-07 19:23:00', 'manual', NULL),
(959, 32, '2026-02-08 10:13:43', 'manual', NULL),
(960, 36, '2026-02-08 10:13:46', 'manual', NULL),
(961, 48, '2026-02-08 10:13:47', 'manual', NULL),
(962, 20, '2026-02-08 11:13:38', 'manual', NULL),
(963, 35, '2026-02-08 11:13:39', 'manual', NULL),
(964, 15, '2026-02-08 11:13:40', 'manual', NULL),
(965, 14, '2026-02-08 16:36:15', 'manual', NULL),
(966, 33, '2026-02-08 17:26:33', 'manual', NULL),
(967, 16, '2026-02-08 17:46:14', 'manual', NULL),
(968, 14, '2026-02-09 18:21:42', 'manual', NULL),
(969, 20, '2026-02-09 18:21:44', 'manual', NULL),
(970, 35, '2026-02-09 18:21:45', 'manual', NULL),
(971, 14, '2026-02-11 20:25:12', 'manual', NULL),
(972, 20, '2026-02-11 20:25:14', 'manual', NULL),
(973, 35, '2026-02-11 20:25:15', 'manual', NULL),
(974, 20, '2026-02-12 20:53:34', 'manual', NULL),
(975, 35, '2026-02-12 20:53:35', 'manual', NULL),
(976, 15, '2026-02-12 20:53:36', 'manual', NULL),
(977, 20, '2026-02-13 21:22:46', 'manual', NULL),
(978, 35, '2026-02-13 21:22:48', 'manual', NULL),
(979, 14, '2026-02-15 19:38:37', 'manual', NULL),
(980, 20, '2026-02-15 19:38:38', 'manual', NULL),
(981, 35, '2026-02-15 19:38:38', 'manual', NULL),
(982, 14, '2026-02-16 17:35:00', 'manual', NULL),
(983, 20, '2026-02-16 17:35:01', 'manual', NULL),
(984, 35, '2026-02-16 17:35:02', 'manual', NULL),
(985, 15, '2026-02-16 17:35:03', 'manual', NULL),
(986, 14, '2026-02-18 19:18:06', 'manual', NULL),
(987, 20, '2026-02-18 19:18:07', 'manual', NULL),
(988, 35, '2026-02-18 19:18:08', 'manual', NULL),
(989, 14, '2026-02-19 22:07:32', 'manual', NULL),
(990, 20, '2026-02-19 22:07:34', 'manual', NULL),
(991, 35, '2026-02-19 22:07:36', 'manual', NULL),
(992, 14, '2026-02-23 19:37:00', 'manual', NULL),
(993, 20, '2026-02-23 19:37:01', 'manual', NULL),
(994, 15, '2026-02-23 19:37:04', 'manual', NULL),
(995, 16, '2026-02-23 19:37:05', 'manual', NULL),
(996, 32, '2026-02-24 17:25:28', 'manual', NULL),
(997, 33, '2026-02-24 17:25:29', 'manual', NULL),
(998, 14, '2026-02-24 21:12:04', 'manual', NULL),
(999, 20, '2026-02-24 21:12:05', 'manual', NULL),
(1000, 35, '2026-02-24 21:12:06', 'manual', NULL),
(1001, 15, '2026-02-24 21:12:07', 'manual', NULL),
(1002, 16, '2026-02-24 21:12:09', 'manual', NULL),
(1003, 14, '2026-02-25 18:46:36', 'manual', NULL),
(1004, 20, '2026-02-25 18:46:37', 'manual', NULL),
(1005, 35, '2026-02-25 18:46:38', 'manual', NULL),
(1006, 15, '2026-02-25 18:46:39', 'manual', NULL),
(1007, 16, '2026-02-25 18:46:40', 'manual', NULL),
(1008, 14, '2026-02-26 04:21:40', 'manual', NULL),
(1009, 20, '2026-02-26 19:02:40', 'manual', NULL),
(1010, 35, '2026-02-26 19:02:41', 'manual', NULL),
(1011, 16, '2026-02-26 19:02:43', 'manual', NULL),
(1012, 14, '2026-02-27 20:50:46', 'manual', NULL),
(1013, 20, '2026-02-27 20:50:47', 'manual', NULL),
(1014, 35, '2026-02-27 20:50:47', 'manual', NULL),
(1015, 14, '2026-02-28 16:33:13', 'manual', NULL),
(1016, 20, '2026-02-28 16:33:13', 'manual', NULL),
(1017, 35, '2026-02-28 16:33:14', 'manual', NULL),
(1018, 15, '2026-02-28 16:33:15', 'manual', NULL),
(1019, 16, '2026-02-28 16:33:17', 'manual', NULL),
(1020, 14, '2026-03-01 18:21:26', 'manual', NULL),
(1021, 20, '2026-03-01 18:21:28', 'manual', NULL),
(1022, 35, '2026-03-01 18:21:29', 'manual', NULL),
(1023, 15, '2026-03-01 18:21:30', 'manual', NULL),
(1024, 16, '2026-03-01 18:21:31', 'manual', NULL),
(1025, 14, '2026-03-02 20:01:17', 'manual', NULL),
(1026, 20, '2026-03-02 20:01:18', 'manual', NULL),
(1027, 35, '2026-03-02 20:01:19', 'manual', NULL),
(1028, 15, '2026-03-02 20:01:20', 'manual', NULL),
(1029, 16, '2026-03-02 20:01:20', 'manual', NULL),
(1030, 14, '2026-03-03 18:07:27', 'manual', NULL),
(1031, 20, '2026-03-03 18:07:29', 'manual', NULL),
(1032, 35, '2026-03-03 18:07:31', 'manual', NULL),
(1033, 16, '2026-03-03 18:07:33', 'manual', NULL),
(1034, 14, '2026-03-04 19:33:37', 'manual', NULL),
(1035, 35, '2026-03-04 19:33:46', 'manual', NULL),
(1036, 16, '2026-03-04 19:33:47', 'manual', NULL),
(1037, 20, '2026-03-07 21:22:01', 'manual', NULL),
(1038, 35, '2026-03-07 21:22:02', 'manual', NULL),
(1039, 15, '2026-03-07 21:22:03', 'manual', NULL),
(1040, 14, '2026-03-09 19:59:15', 'manual', NULL),
(1041, 20, '2026-03-09 19:59:16', 'manual', NULL),
(1042, 35, '2026-03-09 19:59:17', 'manual', NULL),
(1043, 20, '2026-03-10 22:03:07', 'manual', NULL),
(1044, 35, '2026-03-10 22:03:08', 'manual', NULL),
(1045, 14, '2026-03-16 08:08:21', 'manual', NULL),
(1046, 35, '2026-03-16 08:08:44', 'manual', NULL),
(1047, 20, '2026-03-16 19:31:35', 'manual', NULL),
(1048, 15, '2026-03-16 19:31:36', 'manual', NULL),
(1049, 16, '2026-03-16 19:31:37', 'manual', NULL),
(1050, 49, '2026-03-16 19:32:10', 'manual', NULL),
(1051, 14, '2026-03-17 20:11:01', 'manual', NULL),
(1052, 35, '2026-03-17 20:11:06', 'manual', NULL),
(1053, 16, '2026-03-17 20:11:11', 'manual', NULL),
(1054, 49, '2026-03-17 20:11:13', 'manual', NULL),
(1055, 20, '2026-03-17 21:45:12', 'manual', NULL),
(1056, 14, '2026-03-18 20:00:51', 'manual', NULL),
(1057, 20, '2026-03-18 20:00:52', 'manual', NULL),
(1058, 35, '2026-03-18 20:00:53', 'manual', NULL),
(1059, 16, '2026-03-18 20:00:55', 'manual', NULL),
(1060, 49, '2026-03-18 20:00:57', 'manual', NULL),
(1061, 14, '2026-03-19 19:24:53', 'manual', NULL),
(1062, 20, '2026-03-19 19:24:54', 'manual', NULL),
(1063, 35, '2026-03-19 19:24:56', 'manual', NULL),
(1064, 16, '2026-03-19 19:25:04', 'manual', NULL),
(1065, 49, '2026-03-19 19:25:05', 'manual', NULL),
(1066, 14, '2026-03-20 20:33:11', 'manual', NULL),
(1067, 20, '2026-03-20 20:33:12', 'manual', NULL),
(1068, 35, '2026-03-20 20:33:13', 'manual', NULL),
(1069, 14, '2026-03-21 20:59:27', 'manual', NULL),
(1070, 20, '2026-03-21 20:59:28', 'manual', NULL),
(1071, 35, '2026-03-21 20:59:29', 'manual', NULL),
(1072, 20, '2026-03-23 19:52:33', 'manual', NULL),
(1073, 35, '2026-03-23 19:52:34', 'manual', NULL),
(1074, 14, '2026-03-24 21:13:37', 'manual', NULL),
(1075, 49, '2026-03-24 21:13:41', 'manual', NULL),
(1076, 14, '2026-03-26 18:51:47', 'manual', NULL),
(1077, 20, '2026-03-26 18:51:48', 'manual', NULL),
(1078, 35, '2026-03-26 18:51:49', 'manual', NULL),
(1079, 16, '2026-03-26 18:51:52', 'manual', NULL),
(1080, 49, '2026-03-26 18:51:53', 'manual', NULL),
(1081, 14, '2026-03-27 21:21:45', 'manual', NULL),
(1082, 20, '2026-03-27 21:21:46', 'manual', NULL),
(1083, 35, '2026-03-27 21:21:47', 'manual', NULL),
(1084, 16, '2026-03-27 21:21:49', 'manual', NULL),
(1085, 49, '2026-03-27 21:21:50', 'manual', NULL),
(1086, 20, '2026-03-30 20:38:25', 'manual', NULL),
(1087, 35, '2026-03-30 20:38:27', 'manual', NULL),
(1088, 20, '2026-03-31 20:00:24', 'manual', NULL),
(1089, 35, '2026-03-31 20:00:25', 'manual', NULL),
(1090, 49, '2026-03-31 20:00:29', 'manual', NULL),
(1091, 20, '2026-04-05 14:14:48', 'manual', NULL),
(1092, 35, '2026-04-05 14:14:50', 'manual', NULL),
(1093, 20, '2026-04-07 20:48:15', 'manual', NULL),
(1094, 35, '2026-04-07 20:48:16', 'manual', NULL),
(1095, 15, '2026-04-07 20:48:17', 'manual', NULL),
(1096, 49, '2026-04-07 20:48:19', 'manual', NULL),
(1097, 20, '2026-04-08 21:14:50', 'manual', NULL),
(1098, 35, '2026-04-08 21:14:51', 'manual', NULL),
(1099, 49, '2026-04-08 21:14:54', 'manual', NULL),
(1100, 48, '2026-04-09 05:42:12', 'manual', NULL),
(1101, 49, '2026-04-09 20:09:14', 'manual', NULL),
(1102, 14, '2026-04-09 20:09:15', 'manual', NULL),
(1103, 20, '2026-04-09 20:09:15', 'manual', NULL),
(1104, 35, '2026-04-09 20:09:16', 'manual', NULL),
(1105, 16, '2026-04-09 20:09:20', 'manual', NULL),
(1106, 20, '2026-04-10 22:08:09', 'manual', NULL),
(1107, 35, '2026-04-10 22:08:09', 'manual', NULL),
(1108, 14, '2026-04-10 22:08:14', 'manual', NULL),
(1109, 49, '2026-04-10 22:08:16', 'manual', NULL),
(1110, 20, '2026-04-12 20:30:02', 'manual', NULL),
(1111, 35, '2026-04-12 20:30:04', 'manual', NULL),
(1112, 14, '2026-04-13 20:42:53', 'manual', NULL),
(1113, 20, '2026-04-13 20:42:54', 'manual', NULL),
(1114, 35, '2026-04-13 20:42:55', 'manual', NULL),
(1115, 15, '2026-04-13 20:42:56', 'manual', NULL),
(1116, 49, '2026-04-13 20:42:58', 'manual', NULL),
(1117, 14, '2026-04-14 19:55:48', 'manual', NULL),
(1118, 20, '2026-04-14 19:55:50', 'manual', NULL),
(1119, 35, '2026-04-14 19:55:52', 'manual', NULL),
(1120, 16, '2026-04-14 19:55:54', 'manual', NULL),
(1121, 49, '2026-04-14 19:55:55', 'manual', NULL),
(1122, 14, '2026-04-15 20:25:12', 'manual', NULL),
(1123, 20, '2026-04-15 20:25:13', 'manual', NULL),
(1124, 35, '2026-04-15 20:25:14', 'manual', NULL),
(1125, 15, '2026-04-15 20:25:15', 'manual', NULL),
(1126, 16, '2026-04-15 20:25:16', 'manual', NULL),
(1127, 49, '2026-04-15 20:25:17', 'manual', NULL),
(1128, 14, '2026-04-16 20:53:01', 'manual', NULL),
(1129, 20, '2026-04-16 20:53:02', 'manual', NULL),
(1130, 35, '2026-04-16 20:53:05', 'manual', NULL),
(1131, 49, '2026-04-16 20:53:10', 'manual', NULL),
(1132, 14, '2026-04-19 19:44:46', 'manual', NULL),
(1133, 20, '2026-04-19 19:44:47', 'manual', NULL),
(1134, 35, '2026-04-19 19:44:48', 'manual', NULL),
(1135, 15, '2026-04-19 19:44:49', 'manual', NULL),
(1136, 20, '2026-04-20 21:11:38', 'manual', NULL),
(1137, 35, '2026-04-20 21:11:39', 'manual', NULL),
(1138, 15, '2026-04-20 21:11:40', 'manual', NULL),
(1139, 20, '2026-04-21 20:24:52', 'manual', NULL),
(1140, 35, '2026-04-21 20:24:53', 'manual', NULL),
(1141, 20, '2026-04-26 21:13:44', 'manual', NULL),
(1142, 35, '2026-04-26 21:13:45', 'manual', NULL);

-- --------------------------------------------------------

--
-- Estructura de tabla para la tabla `habit_schedule`
--

CREATE TABLE `habit_schedule` (
  `habit_id` int(10) UNSIGNED NOT NULL,
  `day_of_week` tinyint(3) UNSIGNED NOT NULL
) ;

--
-- Volcado de datos para la tabla `habit_schedule`
--

INSERT INTO `habit_schedule` (`habit_id`, `day_of_week`) VALUES
(1, 0),
(1, 1),
(1, 2),
(1, 3),
(1, 4),
(1, 5),
(1, 6),
(8, 1),
(8, 2),
(8, 3),
(8, 4),
(9, 4),
(9, 5),
(10, 0),
(10, 1),
(10, 2),
(10, 3),
(10, 4),
(10, 5),
(10, 6),
(11, 4),
(11, 5),
(12, 4),
(12, 5),
(14, 0),
(14, 1),
(14, 2),
(14, 3),
(14, 4),
(14, 5),
(14, 6),
(0, 1),
(0, 2),
(0, 3),
(0, 4),
(0, 5),
(0, 6),
(0, 1),
(0, 2),
(0, 3),
(0, 5),
(0, 6),
(0, 1),
(0, 2),
(0, 3),
(0, 4),
(0, 5),
(0, 6),
(0, 1),
(0, 2),
(0, 3),
(0, 4),
(0, 5),
(0, 6),
(0, 0),
(0, 1),
(0, 2),
(0, 3),
(0, 4),
(0, 5),
(0, 6),
(0, 0),
(0, 5),
(0, 6),
(0, 0),
(24, 1),
(24, 2),
(24, 5),
(24, 6),
(24, 0),
(27, 1),
(27, 2),
(27, 3),
(27, 4),
(27, 5),
(27, 6),
(28, 1),
(28, 2),
(28, 3),
(28, 6),
(29, 1),
(29, 2),
(29, 3),
(29, 4),
(29, 5),
(29, 6),
(30, 1),
(30, 2),
(30, 3),
(30, 4),
(30, 5),
(30, 6),
(30, 0),
(31, 1),
(31, 2),
(31, 3),
(31, 4),
(31, 5),
(31, 6),
(31, 0),
(34, 1),
(34, 2),
(34, 3),
(34, 4),
(34, 5),
(34, 6),
(34, 0),
(35, 1),
(35, 2),
(35, 3),
(35, 4),
(35, 5),
(35, 6),
(35, 0),
(32, 1),
(32, 2),
(32, 3),
(32, 4),
(32, 5),
(32, 6),
(32, 0),
(33, 1),
(33, 2),
(33, 3),
(33, 4),
(33, 5),
(33, 6),
(33, 0),
(36, 6),
(36, 0),
(37, 1),
(37, 3),
(37, 5),
(38, 2),
(38, 4),
(39, 0),
(40, 1),
(40, 2),
(40, 3),
(40, 4),
(41, 6),
(41, 0),
(42, 1),
(42, 2),
(42, 3),
(42, 4),
(42, 5),
(42, 6),
(42, 0),
(43, 4),
(43, 6),
(43, 0),
(44, 6),
(44, 0),
(45, 1),
(45, 2),
(45, 3),
(45, 4),
(45, 5),
(45, 6),
(45, 0),
(46, 6),
(46, 0),
(16, 1),
(16, 2),
(16, 3),
(16, 4),
(16, 5),
(16, 6),
(16, 0),
(15, 1),
(15, 2),
(15, 3),
(15, 4),
(15, 5),
(15, 6),
(15, 0),
(48, 1),
(48, 2),
(48, 3),
(48, 4),
(48, 5),
(48, 6),
(48, 0),
(49, 1),
(49, 2),
(49, 3),
(49, 4),
(49, 5),
(49, 6),
(49, 0);

-- --------------------------------------------------------

--
-- Estructura de tabla para la tabla `habit_tags`
--

CREATE TABLE `habit_tags` (
  `habit_id` bigint(20) UNSIGNED NOT NULL,
  `tag_id` int(10) UNSIGNED NOT NULL
) ENGINE=InnoDB DEFAULT CHARSET=utf8mb4 COLLATE=utf8mb4_general_ci;

-- --------------------------------------------------------

--
-- Estructura de tabla para la tabla `tags`
--

CREATE TABLE `tags` (
  `id` int(10) UNSIGNED NOT NULL,
  `name` varchar(64) NOT NULL
) ENGINE=InnoDB DEFAULT CHARSET=utf8mb4 COLLATE=utf8mb4_general_ci;

-- --------------------------------------------------------

--
-- Estructura de tabla para la tabla `users`
--

CREATE TABLE `users` (
  `id` int(10) UNSIGNED NOT NULL,
  `username` varchar(32) NOT NULL,
  `name` varchar(100) NOT NULL,
  `email` varchar(191) NOT NULL,
  `password_hash` varchar(255) NOT NULL,
  `created_at` timestamp NOT NULL DEFAULT current_timestamp(),
  `updated_at` timestamp NOT NULL DEFAULT current_timestamp() ON UPDATE current_timestamp()
) ENGINE=InnoDB DEFAULT CHARSET=utf8mb4 COLLATE=utf8mb4_general_ci;

--
-- Volcado de datos para la tabla `users`
--

INSERT INTO `users` (`id`, `username`, `name`, `email`, `password_hash`, `created_at`, `updated_at`) VALUES
(1, 'demo', 'Demo User', 'demo@habits.local', '$2y$10$zrJHrdpfcDg0mc8cReMfzOjj4HIK3RWL7NMZds.mxzSyYSnAV3WNe', '2025-09-23 01:21:41', '2025-09-26 01:18:03'),
(3, 'nico', '', 'nico@nico.local', '$2y$10$Xs.2BHlJGGLV6emqH3zMdOrLFqvQH/YKwUfnFY6AY0ni21U1U0Ase', '2025-09-26 00:54:14', '2025-09-26 00:54:14'),
(4, 'pepe', '', 'pepe@pepe.local', '$2y$10$2gOYxxHyNaIkgGorgYuTX.AMdcO9hEPQPWKkWk45wpvN/XqQCinfS', '2025-09-26 00:55:13', '2025-09-26 00:55:13'),
(5, 'clau', 'clau', 'clau@clau.local', '$2y$10$0/uQ7h5uHR2w5cSSOvedYuA34uA3A/ZVelRs6En10XEZKkfk.is6i', '2025-09-26 01:04:54', '2025-09-26 01:10:11'),
(6, 'nibor', '', 'joseeborja20@hotmail.com', '$2y$10$f2SdN3CyMMTzZztc12ZyauBePdVSvRpjkses21M85TmSUcnnoZXk2', '2025-09-26 01:41:55', '2025-09-26 01:41:55'),
(7, 'test', '', 'test@test.com', '$2y$10$DD8u7ja3P6p.T5bTcmp2aenh7ELBtXYPcb8St6BxJL7g.GdrKoifS', '2025-09-27 01:15:18', '2025-09-27 20:01:01'),
(8, 'dabit', '', 'davidborjaarriaga61@gmail.com', '$2y$10$fy8DQ0yzTVby/BberCGhguMu8Y0b475ADWlRrefDOuCMH8O1hISEi', '2025-09-27 04:23:03', '2025-09-27 20:07:09'),
(9, 'clauds', '', 'claudia.ds02@gmail.com', '$2y$10$4PGamC2mV0JXfSxXo7A5seCnFuJn1ansWItAa6CHawwbmBV1fh6x6', '2025-09-27 02:20:58', '2025-09-27 20:07:56'),
(10, 'juan', '', 'juan@gmail.com', '$2y$10$fGQqHoSX98.XuGe1xxzy0eV3.E3QX4PDjde8lQMLrN.ZjZICc6.wu', '2025-09-27 02:18:43', '2025-10-02 14:26:09'),
(11, 'testing2', '', 'test2@test2.com', '$2y$10$gFgrZdgZ8s0eSoawKhOI..wvCbImTtNDMMcw2sVYZVCadB0Qq7K2y', '2025-09-27 20:09:05', '2025-09-27 20:09:05'),
(21, 'testing', '', 'testing@test.com', '$2y$10$9FI/c5KgecvpJWLF4faUtelEUBNDKSAx5qWkNkJQDAH4B55CKwjFS', '2025-10-12 01:08:46', '2025-10-12 01:08:46'),
(22, 'jam', '', 'jambless220@gmail.com', '$2y$10$ipkS.3ucI/FvydQWnqxyvOBncQjhYR7EQ9YOJDNj124aR2iilthMO', '2025-10-12 02:04:57', '2025-10-12 02:04:57');

--
-- Índices para tablas volcadas
--

--
-- Indices de la tabla `habits`
--
ALTER TABLE `habits`
  ADD PRIMARY KEY (`id`);

--
-- Indices de la tabla `habit_events`
--
ALTER TABLE `habit_events`
  ADD PRIMARY KEY (`id`);

--
-- Indices de la tabla `users`
--
ALTER TABLE `users`
  ADD PRIMARY KEY (`id`),
  ADD UNIQUE KEY `uq_users_username` (`username`),
  ADD UNIQUE KEY `uq_users_email` (`email`);

--
-- AUTO_INCREMENT de las tablas volcadas
--

--
-- AUTO_INCREMENT de la tabla `habits`
--
ALTER TABLE `habits`
  MODIFY `id` int(10) UNSIGNED NOT NULL AUTO_INCREMENT, AUTO_INCREMENT=50;

--
-- AUTO_INCREMENT de la tabla `habit_events`
--
ALTER TABLE `habit_events`
  MODIFY `id` int(10) UNSIGNED NOT NULL AUTO_INCREMENT, AUTO_INCREMENT=1143;

--
-- AUTO_INCREMENT de la tabla `users`
--
ALTER TABLE `users`
  MODIFY `id` int(10) UNSIGNED NOT NULL AUTO_INCREMENT, AUTO_INCREMENT=23;
COMMIT;

/*!40101 SET CHARACTER_SET_CLIENT=@OLD_CHARACTER_SET_CLIENT */;
/*!40101 SET CHARACTER_SET_RESULTS=@OLD_CHARACTER_SET_RESULTS */;
/*!40101 SET COLLATION_CONNECTION=@OLD_COLLATION_CONNECTION */;
